ref,type,label,value,x,y,width,height,enabled,hittable
e4,NavigationBar,Profile,,0,20,375,54,True,True
e5,Button,Profile,,16,20,44,44,True,True
e6,StaticText,Private memory,,124.5,31.5,125.5,21,True,True
e8,Button,Add,,311,20,44,44,True,True
e11,Cell,Only you and your private assistant can use these saved memories.,,16,109,343,72.5,True,True
e13,StaticText,,,16,109,343,72.5,True,True
e14,Cell,Saved memories,,16,199,343,40.5,True,True
e16,StaticText,Saved memories,,16,199,343,40.5,True,True
e17,Cell,Fictional updated memory check,,16,239.5,343,120.5,True,True
e19,StaticText,,,32,254.5,248.5,20.5,True,True
e20,Button,Edit,,32,287,68,58,True,True
e21,Button,Remove,,108,287,85.5,58,True,True
e26,Button,Today,,25,588,88.25,54,True,True
e28,Button,Meals,,103.91666666666667,588,88.25000000000001,54,True,True
e30,Button,Calendar,,182.83333333333334,588,88.25000000000003,54,True,True
e32,Button,Money,,261.75,588,88.25,54,True,True
