amountCentimes,createdAt,createdBy,createdOrder,description,eventId,hasReceipt,kind,occurredOn,occurredOrder,payerId,relatedEventId
3,2026-10-04T20:06:36.189728Z,791f7261-6c9d-4061-9c8a-57aa6e0b0200,1791144396189728,Reversal: Nest money recovery recorded-cancel c3e6461f,ba90bf91-42f0-42d2-861a-c98a178d7781,False,reversal,2026-10-04,9773,,76e8efd4-d6d8-490c-a703-58790523609d
5,2026-10-04T20:06:36.189728Z,791f7261-6c9d-4061-9c8a-57aa6e0b0200,1791144396189728,Fictional native corrected expense,70f6a136-97d3-488c-bdd6-85e20115ac84,False,replacement,2026-10-04,9773,791f7261-6c9d-4061-9c8a-57aa6e0b0200,76e8efd4-d6d8-490c-a703-58790523609d
1,2026-10-04T19:39:40.898594Z,791f7261-6c9d-4061-9c8a-57aa6e0b0200,1791142780898594,Fictional native refund QA,d95f3ef7-b4ef-479e-82c5-d3e0c67eb7bc,False,refund,2026-10-04,9773,791f7261-6c9d-4061-9c8a-57aa6e0b0200,5366793d-cdb8-4e5a-8e8a-7c5ee5946466
101,2026-10-04T18:17:55.173511Z,791f7261-6c9d-4061-9c8a-57aa6e0b0200,1791137875173511,Settlement,490d3ea5-9eec-40a9-9d19-5aec64184793,False,settlement,2026-10-04,9773,e5f80cfd-b69a-4aa0-a267-75784e943676,
1,2026-10-04T18:09:09.921158Z,e5f80cfd-b69a-4aa0-a267-75784e943676,1791137349921158,Fictional settlement race,c59430f2-16c7-4c30-848b-f4be0c4d85d6,False,settlement,2026-10-04,9773,e5f80cfd-b69a-4aa0-a267-75784e943676,
1,2026-10-04T18:02:44.310726Z,791f7261-6c9d-4061-9c8a-57aa6e0b0200,1791136964310726,Settlement,e2fc6cd1-4a95-4f62-972a-aaffd51c5317,False,settlement,2026-10-04,9773,e5f80cfd-b69a-4aa0-a267-75784e943676,
3,2026-10-04T02:58:44.642098Z,791f7261-6c9d-4061-9c8a-57aa6e0b0200,1791082724642098,Synthetic retained expense,5366793d-cdb8-4e5a-8e8a-7c5ee5946466,False,expense,2026-10-04,9773,791f7261-6c9d-4061-9c8a-57aa6e0b0200,
3,2026-10-03T23:13:26.963054Z,791f7261-6c9d-4061-9c8a-57aa6e0b0200,1791069206963054,Nest money recovery recorded-cancel c3e6461f,76e8efd4-d6d8-490c-a703-58790523609d,False,expense,2026-10-04,9773,791f7261-6c9d-4061-9c8a-57aa6e0b0200,
3,2026-10-03T22:58:26.176279Z,791f7261-6c9d-4061-9c8a-57aa6e0b0200,1791068306176279,Nest money recovery retry 38857a0c,47d8b202-29d3-41ed-9fb8-ce1f97aea1fb,False,expense,2026-10-04,9773,791f7261-6c9d-4061-9c8a-57aa6e0b0200,
101,2026-10-03T19:38:57.526406Z,791f7261-6c9d-4061-9c8a-57aa6e0b0200,1791056337526406,Nest B14 native smoke 95ed1476,bffa007b-5c00-4b63-941e-db7bdad45a30,False,expense,2026-10-03,9772,791f7261-6c9d-4061-9c8a-57aa6e0b0200,
101,2026-09-28T07:59:13.926168Z,791f7261-6c9d-4061-9c8a-57aa6e0b0200,1790582353926168,Test hosted approval record,af8d7233-d9fd-4dc1-b711-e50a45ce444d,False,expense,2026-09-28,9767,791f7261-6c9d-4061-9c8a-57aa6e0b0200,
101,2026-09-28T06:22:52.172431Z,791f7261-6c9d-4061-9c8a-57aa6e0b0200,1790576572172431,Native bill fixture 60EA3D29-7562-43DC-AB4B-36706C64CEB4,02a3d199-2cb7-4a1a-959c-f3be4a02ec1a,False,expense,2026-09-28,9767,791f7261-6c9d-4061-9c8a-57aa6e0b0200,
103,2026-09-28T05:38:43.810967Z,791f7261-6c9d-4061-9c8a-57aa6e0b0200,1790573923810967,Reversal: Native correction fixture C8FD385D-7315-4FD5-BD87-22126D0D4340,d91da77f-db6a-4916-ae70-54e1cf2dddd2,False,reversal,2026-09-28,9767,,609d9aa2-3749-4341-9f53-2212ce741b4d
101,2026-09-28T05:38:41.016092Z,791f7261-6c9d-4061-9c8a-57aa6e0b0200,1790573921016092,Reversal: Native correction fixture C8FD385D-7315-4FD5-BD87-22126D0D4340,632a297f-5ac3-4cf9-90d6-3eccf11e6559,False,reversal,2026-09-28,9767,,d50a6c7c-4fe7-4f28-aeef-a8b3ead05a32
103,2026-09-28T05:38:41.016092Z,791f7261-6c9d-4061-9c8a-57aa6e0b0200,1790573921016092,Native correction fixture C8FD385D-7315-4FD5-BD87-22126D0D4340,609d9aa2-3749-4341-9f53-2212ce741b4d,False,replacement,2026-09-28,9767,791f7261-6c9d-4061-9c8a-57aa6e0b0200,d50a6c7c-4fe7-4f28-aeef-a8b3ead05a32
101,2026-09-28T05:38:39.544624Z,791f7261-6c9d-4061-9c8a-57aa6e0b0200,1790573919544624,Native correction fixture C8FD385D-7315-4FD5-BD87-22126D0D4340,d50a6c7c-4fe7-4f28-aeef-a8b3ead05a32,False,expense,2026-09-28,9767,791f7261-6c9d-4061-9c8a-57aa6e0b0200,
101,2026-09-28T05:22:56.567451Z,791f7261-6c9d-4061-9c8a-57aa6e0b0200,1790572976567451,Native fictional refund verification,8564461d-fd50-4163-b6d4-c73e487d5e69,False,refund,2026-09-28,9767,791f7261-6c9d-4061-9c8a-57aa6e0b0200,9cd2bdf1-4895-427d-8494-ca164a3488ec
49,2026-09-28T05:12:04.337730Z,791f7261-6c9d-4061-9c8a-57aa6e0b0200,1790572324337730,Settlement,db167a17-dd69-4505-8553-969a7f202103,False,settlement,2026-09-28,9767,e5f80cfd-b69a-4aa0-a267-75784e943676,
1,2026-09-28T05:12:00.508074Z,791f7261-6c9d-4061-9c8a-57aa6e0b0200,1790572320508074,Settlement,52079b26-87de-4c13-98ac-0d8d13f6e929,False,settlement,2026-09-28,9767,e5f80cfd-b69a-4aa0-a267-75784e943676,
101,2026-09-28T04:28:33.616863Z,791f7261-6c9d-4061-9c8a-57aa6e0b0200,1790569713616863,Native verification fixture A0E42397-EFC4-448D-8750-B2C6A960F295,9cd2bdf1-4895-427d-8494-ca164a3488ec,False,expense,2026-09-28,9767,791f7261-6c9d-4061-9c8a-57aa6e0b0200,
101,2026-09-27T18:29:29.679284Z,791f7261-6c9d-4061-9c8a-57aa6e0b0200,1790533769679284,Synthetic native settlement QA,e89d42bf-f9cf-453b-a5c6-d49e208bb019,False,settlement,2026-09-27,9766,e5f80cfd-b69a-4aa0-a267-75784e943676,
103,2026-09-27T14:20:08.712795Z,791f7261-6c9d-4061-9c8a-57aa6e0b0200,1790518808712795,Synthetic native expense check,7117aab8-9cd7-4f4b-a812-1408b11fb001,False,expense,2026-09-27,9766,791f7261-6c9d-4061-9c8a-57aa6e0b0200,
101,2026-09-26T10:47:18.573173Z,791f7261-6c9d-4061-9c8a-57aa6e0b0200,1790419638573173,Synthetic receipt acceptance,a9f0f7f7-3d97-4daa-9515-84af6339bdec,True,expense,2026-09-26,9765,791f7261-6c9d-4061-9c8a-57aa6e0b0200,
1,2026-10-03T23:39:53.471831Z,791f7261-6c9d-4061-9c8a-57aa6e0b0200,1791070793471831,Nest history page 663d51ef 35,9ddf82b2-546c-4754-a11a-e7e33655f60d,False,expense,2000-01-01,0,791f7261-6c9d-4061-9c8a-57aa6e0b0200,
1,2026-10-03T23:39:52.316183Z,791f7261-6c9d-4061-9c8a-57aa6e0b0200,1791070792316183,Nest history page 663d51ef 34,b5d86a91-5cd9-4669-8667-b7f6bee0e398,False,expense,2000-01-01,0,791f7261-6c9d-4061-9c8a-57aa6e0b0200,
1,2026-10-03T23:39:51.161346Z,791f7261-6c9d-4061-9c8a-57aa6e0b0200,1791070791161346,Nest history page 663d51ef 33,2760f8d1-1970-44ef-ab7e-1246ebe4bec1,False,expense,2000-01-01,0,791f7261-6c9d-4061-9c8a-57aa6e0b0200,
1,2026-10-03T23:39:50.023388Z,791f7261-6c9d-4061-9c8a-57aa6e0b0200,1791070790023388,Nest history page 663d51ef 32,eddd4630-b985-498a-a0a4-828e288efba1,False,expense,2000-01-01,0,791f7261-6c9d-4061-9c8a-57aa6e0b0200,
1,2026-10-03T23:39:48.856052Z,791f7261-6c9d-4061-9c8a-57aa6e0b0200,1791070788856052,Nest history page 663d51ef 31,413c48c6-933f-4123-9c69-d57dbb84d4cf,False,expense,2000-01-01,0,791f7261-6c9d-4061-9c8a-57aa6e0b0200,
1,2026-10-03T23:39:46.616139Z,791f7261-6c9d-4061-9c8a-57aa6e0b0200,1791070786616139,Nest history page 663d51ef 30,f653e1ea-ca48-4bdc-8dd6-98be378b8fd7,False,expense,2000-01-01,0,791f7261-6c9d-4061-9c8a-57aa6e0b0200,
1,2026-10-03T23:39:45.665965Z,791f7261-6c9d-4061-9c8a-57aa6e0b0200,1791070785665965,Nest history page 663d51ef 29,b02722e5-ac31-41a2-8f64-678a76b19b88,False,expense,2000-01-01,0,791f7261-6c9d-4061-9c8a-57aa6e0b0200,
1,2026-10-03T23:39:44.718144Z,791f7261-6c9d-4061-9c8a-57aa6e0b0200,1791070784718144,Nest history page 663d51ef 28,6e86e492-9e89-4ae3-9fef-8fd002382c5b,False,expense,2000-01-01,0,791f7261-6c9d-4061-9c8a-57aa6e0b0200,
1,2026-10-03T23:39:43.753097Z,791f7261-6c9d-4061-9c8a-57aa6e0b0200,1791070783753097,Nest history page 663d51ef 27,a440d492-62c8-4368-a755-2513d452a795,False,expense,2000-01-01,0,791f7261-6c9d-4061-9c8a-57aa6e0b0200,
1,2026-10-03T23:39:42.615451Z,791f7261-6c9d-4061-9c8a-57aa6e0b0200,1791070782615451,Nest history page 663d51ef 26,bd7004f8-0a11-4298-807f-2c68dc028317,False,expense,2000-01-01,0,791f7261-6c9d-4061-9c8a-57aa6e0b0200,
1,2026-10-03T23:39:41.662730Z,791f7261-6c9d-4061-9c8a-57aa6e0b0200,1791070781662730,Nest history page 663d51ef 25,68ee2190-dc7e-4cb6-953f-86367c158c46,False,expense,2000-01-01,0,791f7261-6c9d-4061-9c8a-57aa6e0b0200,
1,2026-10-03T23:39:40.721099Z,791f7261-6c9d-4061-9c8a-57aa6e0b0200,1791070780721099,Nest history page 663d51ef 24,8fd90275-fa0a-4117-b9c4-58c31c3b907a,False,expense,2000-01-01,0,791f7261-6c9d-4061-9c8a-57aa6e0b0200,
1,2026-10-03T23:39:39.761071Z,791f7261-6c9d-4061-9c8a-57aa6e0b0200,1791070779761071,Nest history page 663d51ef 23,a1d81456-8c78-4141-980a-58252e0f28bc,False,expense,2000-01-01,0,791f7261-6c9d-4061-9c8a-57aa6e0b0200,
1,2026-10-03T23:39:38.772638Z,791f7261-6c9d-4061-9c8a-57aa6e0b0200,1791070778772638,Nest history page 663d51ef 22,e6fa603e-8e8c-4e3f-9f83-1409cfc2ddb5,False,expense,2000-01-01,0,791f7261-6c9d-4061-9c8a-57aa6e0b0200,
1,2026-10-03T23:39:37.744801Z,791f7261-6c9d-4061-9c8a-57aa6e0b0200,1791070777744801,Nest history page 663d51ef 21,60f28058-86e3-435a-af5e-5f5f05b8e67e,False,expense,2000-01-01,0,791f7261-6c9d-4061-9c8a-57aa6e0b0200,
1,2026-10-03T23:39:36.779949Z,791f7261-6c9d-4061-9c8a-57aa6e0b0200,1791070776779949,Nest history page 663d51ef 20,9596826b-ab94-4020-bdd9-c3d0977079b6,False,expense,2000-01-01,0,791f7261-6c9d-4061-9c8a-57aa6e0b0200,
1,2026-10-03T23:39:35.826149Z,791f7261-6c9d-4061-9c8a-57aa6e0b0200,1791070775826149,Nest history page 663d51ef 19,c737cf00-9135-490a-a6bc-68dcaa745bd9,False,expense,2000-01-01,0,791f7261-6c9d-4061-9c8a-57aa6e0b0200,
1,2026-10-03T23:39:34.845815Z,791f7261-6c9d-4061-9c8a-57aa6e0b0200,1791070774845815,Nest history page 663d51ef 18,81ee5ee2-0947-42b0-9b18-3e683300929d,False,expense,2000-01-01,0,791f7261-6c9d-4061-9c8a-57aa6e0b0200,
1,2026-10-03T23:39:33.703237Z,791f7261-6c9d-4061-9c8a-57aa6e0b0200,1791070773703237,Nest history page 663d51ef 17,ad2b8185-95c0-422e-9404-ea3f6d174417,False,expense,2000-01-01,0,791f7261-6c9d-4061-9c8a-57aa6e0b0200,
1,2026-10-03T23:39:32.736629Z,791f7261-6c9d-4061-9c8a-57aa6e0b0200,1791070772736629,Nest history page 663d51ef 16,63b964fa-eb69-48ea-8b31-62a487cc1e14,False,expense,2000-01-01,0,791f7261-6c9d-4061-9c8a-57aa6e0b0200,
1,2026-10-03T23:39:31.772144Z,791f7261-6c9d-4061-9c8a-57aa6e0b0200,1791070771772144,Nest history page 663d51ef 15,ba45b200-9fa2-4372-b377-3b66c6d2c986,False,expense,2000-01-01,0,791f7261-6c9d-4061-9c8a-57aa6e0b0200,
1,2026-10-03T23:39:30.511179Z,791f7261-6c9d-4061-9c8a-57aa6e0b0200,1791070770511179,Nest history page 663d51ef 14,8118a979-a0e0-4c8e-86fc-ad21253a818c,False,expense,2000-01-01,0,791f7261-6c9d-4061-9c8a-57aa6e0b0200,
1,2026-10-03T23:39:29.532271Z,791f7261-6c9d-4061-9c8a-57aa6e0b0200,1791070769532271,Nest history page 663d51ef 13,bc347738-990c-4dba-9975-8af1a619bdb9,False,expense,2000-01-01,0,791f7261-6c9d-4061-9c8a-57aa6e0b0200,
1,2026-10-03T23:39:28.542968Z,791f7261-6c9d-4061-9c8a-57aa6e0b0200,1791070768542968,Nest history page 663d51ef 12,f16de4f1-1fd7-463c-b150-aa5108ece1b4,False,expense,2000-01-01,0,791f7261-6c9d-4061-9c8a-57aa6e0b0200,
1,2026-10-03T23:39:27.540953Z,791f7261-6c9d-4061-9c8a-57aa6e0b0200,1791070767540953,Nest history page 663d51ef 11,9bac5a1b-0eaf-42a8-86b6-b1d0286bf124,False,expense,2000-01-01,0,791f7261-6c9d-4061-9c8a-57aa6e0b0200,
1,2026-10-03T23:39:26.569045Z,791f7261-6c9d-4061-9c8a-57aa6e0b0200,1791070766569045,Nest history page 663d51ef 10,a2ddaa51-0686-431b-8b08-25a62a3e5237,False,expense,2000-01-01,0,791f7261-6c9d-4061-9c8a-57aa6e0b0200,
1,2026-10-03T23:39:25.590492Z,791f7261-6c9d-4061-9c8a-57aa6e0b0200,1791070765590492,Nest history page 663d51ef 09,9104cfb1-88c5-41c3-a215-7acc90d89e33,False,expense,2000-01-01,0,791f7261-6c9d-4061-9c8a-57aa6e0b0200,
1,2026-10-03T23:39:24.626652Z,791f7261-6c9d-4061-9c8a-57aa6e0b0200,1791070764626652,Nest history page 663d51ef 08,61184ccd-e3ca-4fb4-8d53-4850b8dc3bae,False,expense,2000-01-01,0,791f7261-6c9d-4061-9c8a-57aa6e0b0200,
1,2026-10-03T23:39:23.332082Z,791f7261-6c9d-4061-9c8a-57aa6e0b0200,1791070763332082,Nest history page 663d51ef 07,941e92d4-1b6e-47f5-8719-d8e1a3895efd,False,expense,2000-01-01,0,791f7261-6c9d-4061-9c8a-57aa6e0b0200,
1,2026-10-03T23:39:22.364565Z,791f7261-6c9d-4061-9c8a-57aa6e0b0200,1791070762364565,Nest history page 663d51ef 06,a4d0fae8-690e-434d-b798-69cda5ce1c33,False,expense,2000-01-01,0,791f7261-6c9d-4061-9c8a-57aa6e0b0200,
1,2026-10-03T23:39:21.214880Z,791f7261-6c9d-4061-9c8a-57aa6e0b0200,1791070761214880,Nest history page 663d51ef 05,04ed281a-e8ff-4a27-ab7a-1135225ec252,False,expense,2000-01-01,0,791f7261-6c9d-4061-9c8a-57aa6e0b0200,
1,2026-10-03T23:39:20.069768Z,791f7261-6c9d-4061-9c8a-57aa6e0b0200,1791070760069768,Nest history page 663d51ef 04,21c7b6f2-3291-4eac-a9df-9837a5c7f986,False,expense,2000-01-01,0,791f7261-6c9d-4061-9c8a-57aa6e0b0200,
1,2026-10-03T23:39:18.724580Z,791f7261-6c9d-4061-9c8a-57aa6e0b0200,1791070758724580,Nest history page 663d51ef 03,e5c204b2-fcc6-497f-92b7-c12de4a90ced,False,expense,2000-01-01,0,791f7261-6c9d-4061-9c8a-57aa6e0b0200,
1,2026-10-03T23:39:17.568469Z,791f7261-6c9d-4061-9c8a-57aa6e0b0200,1791070757568469,Nest history page 663d51ef 02,64de5f63-36b4-47ab-a76f-05a9daa7caa7,False,expense,2000-01-01,0,791f7261-6c9d-4061-9c8a-57aa6e0b0200,
1,2026-10-03T23:39:16.475062Z,791f7261-6c9d-4061-9c8a-57aa6e0b0200,1791070756475062,Nest history page 663d51ef 01,8a7566e9-c391-4896-9da8-74e83db377bd,False,expense,2000-01-01,0,791f7261-6c9d-4061-9c8a-57aa6e0b0200,
