schema,signature,securityDefiner,returnType,anonymousExecute,authenticatedExecute,serviceExecute,bodySha256,evidenceScope
"private","private.advance_home_record_version()","false","trigger","false","false","false","db82537cfca4c161153889bde742853da73294620d9083c61bedd340a4eb86ea","hosted catalog only; not a semantic review"
"private","private.advance_meal_template_version()","false","trigger","false","false","false","db82537cfca4c161153889bde742853da73294620d9083c61bedd340a4eb86ea","hosted catalog only; not a semantic review"
"private","private.advance_recurring_expense_version()","false","trigger","false","false","false","db82537cfca4c161153889bde742853da73294620d9083c61bedd340a4eb86ea","hosted catalog only; not a semantic review"
"private","private.affected_members_for_routine_change(uuid,text,uuid,text,uuid)","true","uuid[]","false","false","false","b67fb2edecd0c1e6544494f9d8c64a600d2b9d9c2b69b36834afdb7add8d96ca","hosted catalog only; not a semantic review"
"private","private.append_household_area()","true","trigger","false","false","false","f13f2fe254042b37e4fe32d02a887922540450d956ee7eb321defed1b33af946","hosted catalog only; not a semantic review"
"private","private.apply_routine_closure(uuid,text,text,date,date,text,text)","true","jsonb","false","false","false","38e2921943b94c8f795a12fab3d63db11628c337a19c792accc7296bfade0a93","hosted catalog only; not a semantic review"
"private","private.apply_routine_edit_clears()","true","trigger","false","false","false","19992e704caae73a58a40ee4ddb9df6a3ab800578d8b1b826d2150a370f8236d","hosted catalog only; not a semantic review"
"private","private.cancel_inbox_reminder_for_occurrence(uuid)","true","void","false","false","false","ee9250796a03eb799f18720a2494dbaabc87ce04035d68733a8a445c31f90d21","hosted catalog only; not a semantic review"
"private","private.claim_household_attachment(text,uuid)","true","void","false","false","false","bf503a1f1e03b401abee53f938eca76e0302abcbf61f20cae2a31042f99e0ada","hosted catalog only; not a semantic review"
"private","private.claim_job(text,text)","true","jsonb","false","false","false","1a18eb72c0108d4a1acde1ff3f06398ebdf82d48097d55584f803536df414454","hosted catalog only; not a semantic review"
"private","private.claim_parent_household_attachment()","true","trigger","false","false","false","6051c585279b1b687bdec017c2c9412433f57164e07d15760fc1ee6a240aa0f3","hosted catalog only; not a semantic review"
"private","private.claim_profile_household_file()","true","trigger","false","false","false","9d669a49dde0aee53e7ec7f13ade9b4c38052e976d297636e285a9f8689b66ee","hosted catalog only; not a semantic review"
"private","private.complete_job_claim(text,jsonb)","true","void","false","false","false","28adb0c2087eeec47edf5567a27dea47b656553debd99d7132620b72a588f3a7","hosted catalog only; not a semantic review"
"private","private.create_reminder_candidates_for_occurrence(uuid)","true","void","false","false","false","995d70b786d470b5b2c08f738e1325ee1c598ea674ae1ab720d69319625d7910","hosted catalog only; not a semantic review"
"private","private.deliver_partner_notice(uuid,uuid,text,text,uuid,jsonb,uuid,uuid[])","true","void","false","false","false","67f1f8712b8e20860dda9b4e879de530b6a6e10f565e00a88877c3fd31f7b120","hosted catalog only; not a semantic review"
"private","private.enforce_household_member_cap()","true","trigger","false","false","true","76410e60bb5418f3b40d91415213090eab3d84fe3088ed7ac8a5812512610a7e","hosted catalog only; not a semantic review"
"private","private.enforce_ledger_entries_zero_sum()","false","trigger","false","false","false","912fbcbf78f69c450d5f5cf168d368cb1474c25244177ad1f7520463e4b4e418","hosted catalog only; not a semantic review"
"private","private.ensure_routine_window(uuid,date,uuid,date,timestamp with time zone,uuid)","true","void","false","false","false","0b19981c5ccfaf34313c919c09c6c3beda2fe4634b0638d8b8c7594c4e134099","hosted catalog only; not a semantic review"
"private","private.fail_job_claim(text,text)","true","void","false","false","false","ebbe8f3c8afab7b16fc0f282a37daaac39bd9cbfd7f450b3184b57d09418eaad","hosted catalog only; not a semantic review"
"private","private.first_rebuild_due_date(jsonb,jsonb,date,date)","false","date","false","false","false","c6b6c850607c98125fd796589cfdcc435c33011b23edc880e23e5dc5a115c14c","hosted catalog only; not a semantic review"
"private","private.first_routine_due_date(jsonb,date)","false","date","false","false","false","58926f88ec869e510abc88a61f122b5df5c2f10d7cd45395189042fb764a40aa","hosted catalog only; not a semantic review"
"private","private.generate_due_recurring_drafts_for_household(uuid,uuid,date)","true","integer","false","false","false","ea518df37baaeaf19e62c8529d416f0a8fc50bb72adf00a447a4180ac4c6ef4b","hosted catalog only; not a semantic review"
"private","private.get_meal_grocery_command_result(uuid,text,text,jsonb)","true","jsonb","false","false","false","c2353b687e34f8b5068884cff071224170f93ff6dfb7e8f14f294c5651c6ef19","hosted catalog only; not a semantic review"
"private","private.get_money_command_result(uuid,text,text,jsonb)","true","jsonb","false","false","false","8a19b8a1a34f2a946d88c9f65449148a5c2ab68f004f2955641011f4fb81d183","hosted catalog only; not a semantic review"
"private","private.guard_archived_decision_choice()","false","trigger","false","false","false","0786b7346fefedc0d150c7f7fb72498519b7d47471511b6fb33d2987a04dc461","hosted catalog only; not a semantic review"
"private","private.guard_archived_decision_status()","false","trigger","false","false","false","5f79ee085494e2b372d400c219b6d14eb8a7ff6de2c0f2cab564f317ef121fec","hosted catalog only; not a semantic review"
"private","private.guard_archived_project_edits()","false","trigger","false","false","false","4da28845b9e962dd06160cfbeabe669a7c97883044ec4c3e88689ff11fbd39ac","hosted catalog only; not a semantic review"
"private","private.guard_calendar_connection()","false","trigger","true","true","true","a8d5f77d791da737174bc3eaa70e6bd86d6cba71e01157f7a2ba7fd8318698b8","hosted catalog only; not a semantic review"
"private","private.guard_calendar_event_sync()","false","trigger","true","true","true","bba317099ddbb7cfbd2d60841e664441da6a01933ee1e5fa375cdb1458221d65","hosted catalog only; not a semantic review"
"private","private.guard_decision_option_parent()","false","trigger","false","false","false","c70910037a2defa004697897d29d70de75745986eb04ed15e622efbe3753d063","hosted catalog only; not a semantic review"
"private","private.guard_document_attachment_access()","false","trigger","false","false","false","ddb0cbdf6c359ab60ba8ca5f64305bf891834ce131196f7d4f03281a072f7a69","hosted catalog only; not a semantic review"
"private","private.guard_grocery_receipt_purpose()","true","trigger","false","false","false","8fc7476a8a6230bd54228a0047e68169a6e0d3b079f8b4ee9e546a8a5106ce88","hosted catalog only; not a semantic review"
"private","private.guard_household_attachment_insert()","true","trigger","false","false","false","92ea510204fdbb57b79d0fc2148185f8d9e724cd526c765bce4ebe9157720e98","hosted catalog only; not a semantic review"
"private","private.guard_household_record_identity()","false","trigger","false","false","false","d751fe0ff19cdc8c0837aba3bc0fe93b54141e1a322e07b37afa4daf09aaab4d","hosted catalog only; not a semantic review"
"private","private.guard_paid_cost_link()","false","trigger","false","false","false","5ab9b97a47f92b14e56e062e938bf1e3172948b7bab069adbae9e414aa1ab252","hosted catalog only; not a semantic review"
"private","private.guard_project_task_parent_identity()","false","trigger","false","false","false","84e68989460ff6cdd5b5ece564b7955f342f57de9cd81b019fa08c20cedf197d","hosted catalog only; not a semantic review"
"private","private.guard_project_task_parent_state()","true","trigger","false","false","false","e28eddce54faeb14c2d9b270286740902bf6a698ca8f32d0e0c58e42dfc748d5","hosted catalog only; not a semantic review"
"private","private.guard_project_with_bookings()","false","trigger","false","false","false","0dc7df892fc1e61c2563ea4275a9b0335080633d84193d5c02f9b77af15adfe3","hosted catalog only; not a semantic review"
"private","private.guard_trip_booking_lifecycle()","false","trigger","false","false","false","38babb03eb668d1e867d2b9abad73392c061661a3c04c46914d04bd8a60a3372","hosted catalog only; not a semantic review"
"private","private.household_today()","false","date","false","false","false","002ee89f46d74c1527e933cd3d7e5485ac21e44a3c5db4564b26ded9d197b28d","hosted catalog only; not a semantic review"
"private","private.insert_open_routine_occurrence(routines,text,date,uuid,date,timestamp with time zone,uuid)","true","uuid","false","false","false","ea0bb5cbe326769c03a72803eefdc61b80150d804e4ddd6c4ae9eaffbbda39b5","hosted catalog only; not a semantic review"
"private","private.insert_partner_inbox_and_outbox(uuid,uuid,uuid,text,text,uuid,jsonb,uuid)","true","void","false","false","false","f7f02aa891403d4040d7669886d5a247399cafb17eeb71545285f342fbf15222","hosted catalog only; not a semantic review"
"private","private.invoke_push_dispatch()","true","bigint","false","false","true","7f564203e8ab22cb3871c9a93419fe4226d1c491b8b24b58467ab6fabc098a9a","hosted catalog only; not a semantic review"
"private","private.is_household_member(uuid)","true","boolean","false","true","false","1b45a39da06be8d2a3edb35eb96fed96b3c2695242be0fb9ba48c6e77062326a","hosted catalog only; not a semantic review"
"private","private.is_supported_calendar_time_zone(text)","false","boolean","false","true","true","0421f2c67a0ae130a7b299d1784b238d92fc9d59700f8a624a99e2b67d8dc147","hosted catalog only; not a semantic review"
"private","private.is_valid_routine_schedule(text,jsonb)","false","boolean","false","true","false","7febffbb7a89dda2ab3f1f4449ff0d3a7de83d266ace6bf77d3e4a9cd8922e80","hosted catalog only; not a semantic review"
"private","private.lock_household_ledger(uuid)","true","void","false","false","false","a1141708f1ce85f73d9a47100c040942c80f8833e62a4b421dbae01b7ad76008","hosted catalog only; not a semantic review"
"private","private.lock_replaced_household_files()","true","trigger","false","false","false","10efe0ec257789d8d1ef28395339091d7f228739f85e392ab8a1c7fbf9448f74","hosted catalog only; not a semantic review"
"private","private.materialize_meal_groceries(uuid)","true","integer","false","false","false","db8b127e31d277f559abc2a095cde2819331d808fac48bd60b21c2ff3bae4cd7","hosted catalog only; not a semantic review"
"private","private.member_belongs_to_household(uuid,uuid)","true","boolean","false","false","false","54340f9109c3aa0a4626375670617e7a1f2890748781246d09e8671c53db8653","hosted catalog only; not a semantic review"
"private","private.next_recurring_expense_date(text,date,integer,integer)","false","date","false","false","false","4627c4c7f55dc3ca3d308de75149f5e416e5980b971643b684c0561cf7853c29","hosted catalog only; not a semantic review"
"private","private.next_routine_assignee(uuid,text,uuid,uuid,uuid)","true","uuid","false","false","false","3706a076f3ae786a969093e3477ff2810657ddc0c10680e345611f28530eac50","hosted catalog only; not a semantic review"
"private","private.next_routine_due_date(jsonb,date,date,date)","false","date","false","false","false","9122461ae5beb56e0678372c601fde977f8626f31d907e6945622a472199be04","hosted catalog only; not a semantic review"
"private","private.other_household_member(uuid,uuid)","true","uuid","false","false","false","cd5ca9c3d57654f2ff7ed39d844fdc5e7db4f9ef3eaec558dc7131e7e806c0a0","hosted catalog only; not a semantic review"
"private","private.post_financial_event(uuid,uuid,text,uuid,text,bigint,jsonb,date,uuid,uuid,text,text,uuid,uuid,text)","true","uuid","false","false","false","1de34def7775448d2d1439b9d321a2041e962d763e6d87832e88cb496de0d388","hosted catalog only; not a semantic review"
"private","private.record_household_record_activity()","true","trigger","false","false","false","e32def1277d603f647f666d8ddd6e89892c2e6ebd940dcda80ee5f35691dd771","hosted catalog only; not a semantic review"
"private","private.record_project_change()","true","trigger","false","false","false","9552a5a0458b4b4e67aa3d6d75a279bf5b8314b78f3bb3c8e9dcb67192434799","hosted catalog only; not a semantic review"
"private","private.reject_financial_history_change()","false","trigger","false","false","false","19a5342c211daf22d6ffa46038a226cae01f895b1305fc3f98bcf6ece664be6d","hosted catalog only; not a semantic review"
"private","private.release_replaced_household_file()","true","trigger","false","false","false","e31194b90b1fad8de9499770d5f155008ae4010e4ee2a6161d226fc1fdc3536a","hosted catalog only; not a semantic review"
"private","private.repair_missing_grocery_fallbacks()","false","void","false","false","false","e3651b228e9733b78584e1bb24987e80a22acaaa9126ebc9f2af7f2aec1f1136","hosted catalog only; not a semantic review"
"private","private.require_calendar_lease(uuid,uuid)","true","uuid","false","false","false","f98675b646bb95360edc8c9027b1a0588c48ea227c08b3917ae7d9b7ce993c68","hosted catalog only; not a semantic review"
"private","private.require_money_actor(uuid)","true","uuid","false","false","false","ba8dc055e4ddff84485b2bed55ad2adc960502e5582f32b8ab9b60cc7b3c207b","hosted catalog only; not a semantic review"
"private","private.revise_expense_context_link()","false","trigger","false","false","false","82be5d7ce3c586a1aa95b30e002f2ecaf8ce407dffc294ae57657d83c9c15814","hosted catalog only; not a semantic review"
"private","private.seed_default_areas()","true","trigger","false","false","false","633e5cd507dd81cbfa0cb0a9d2a16a8787ee39ff3d089b2b70680c8021531d14","hosted catalog only; not a semantic review"
"private","private.seed_default_expense_categories()","true","trigger","false","false","false","5b9dcb308f167d4b9086c83ede840515923304ef82b33dd45eda4b7848fbdfd4","hosted catalog only; not a semantic review"
"private","private.seed_default_grocery_categories()","true","trigger","false","false","false","c3c11c266cb9f2bdad6a0df46e9cbd54a4bb8da80063254d80021325ad8b601f","hosted catalog only; not a semantic review"
"private","private.set_meals_groceries_updated_at()","false","trigger","false","false","false","af93218b8e5aa734bce7dc5f0bb5e04e6b1a97b8263739820d6caa8c274d97f4","hosted catalog only; not a semantic review"
"private","private.set_money_updated_at()","false","trigger","false","false","false","af93218b8e5aa734bce7dc5f0bb5e04e6b1a97b8263739820d6caa8c274d97f4","hosted catalog only; not a semantic review"
"private","private.set_routine_updated_at()","false","trigger","false","false","false","5e9de61817d185493947c6a70ef31f6f5b7f3a83ef8b5048fd681ecd817366dc","hosted catalog only; not a semantic review"
"private","private.stamp_project_task_completion()","false","trigger","false","false","false","22db7fff8ff9700a2ad502f7d785c0f560f0a8e7499187a6e1999fe8ff48548a","hosted catalog only; not a semantic review"
"private","private.store_money_command_result(uuid,text,text,jsonb,jsonb)","true","void","false","false","false","c7aba420b468a55e29ab1d720cb4a2129ae236f20df8f1156e5a271b4100c05c","hosted catalog only; not a semantic review"
"private","private.sync_routine_reminder_preference()","true","trigger","false","false","false","40d6ce135b73c9a6129233e5eb4acc76f9fc327411f215f8eb3feffa0aad7d2e","hosted catalog only; not a semantic review"
"private","private.validate_leftover_meal_plan_entry()","false","trigger","false","false","false","2f6f7324c688cb639cebb8ce1fd600ff02d782b5b3591a47bdaa5b5cc064224e","hosted catalog only; not a semantic review"
"private","private.validate_money_allocations(uuid,bigint,jsonb)","true","void","false","false","false","236fc3dcc4b3a1e6bfb5af0af13318522977ddc44aa42e6d0f605916beaf6187","hosted catalog only; not a semantic review"
"private","private.validate_opening_balance_lineage()","true","trigger","false","false","false","3a1ce46f00318b02fc2de93268f537a38017512f25a6a652e76ef36baff8a731","hosted catalog only; not a semantic review"
"public","archive_household_decision_option_versioned(uuid,boolean,timestamp with time zone)","false","void","false","true","true","9529dbf0c8a013a79e67e95e9f8233f3b304fc6d4cf471891c5b29b35e76894b","hosted catalog only; not a semantic review"
"public","claim_push_outbox(integer,integer,uuid[])","true","record","false","false","true","654064661a93673ad4782471391aa670c5ac47d17f2ee4c6ca2c19529652333c","hosted catalog only; not a semantic review"
"public","finalize_push_outbox_claim(uuid,uuid,text,text,uuid[])","true","boolean","false","false","true","4e4426b498f5da082f4f077ec106fa6f2a1e2d61a41dea041297653ee5f24ae0","hosted catalog only; not a semantic review"
"public","list_home_attention_records(text,text,integer,date)","false","jsonb","false","true","true","948aee9cd727efafc4a856a6f3bebcfd7792d795f305545cafad020d9ef0b5c8","hosted catalog only; not a semantic review"
"public","run_deliver_due_reminders(text,integer)","true","jsonb","false","false","true","d4811505a459b11cf7512e38618fbf67e158415a6d2b46d9181641a55467b452","hosted catalog only; not a semantic review"
"public","run_deliver_member_digests(text,time without time zone,integer)","true","jsonb","false","false","true","b66fd8450acf31fb90b1a341bdcd931d2fb2082fb61504e782ad7c589c3a857b","hosted catalog only; not a semantic review"
"public","run_drain_push_outbox(text,integer)","true","jsonb","false","false","true","1ddb3cf47422049fd23c35556c16d917dfea11ef578142cd6f109a3f4b06b08f","hosted catalog only; not a semantic review"
"public","run_ensure_due_occurrences(text,integer)","true","jsonb","false","false","true","a96857134c6ff80fb8d53c5d48ef5d388895e5ad674693875b75f108761b170c","hosted catalog only; not a semantic review"
"public","run_generate_recurring_drafts_cron(text,date,integer)","true","jsonb","false","false","true","14da0d8fd209c7681c125b21cfc123b6895dac23663cc82625a0f8c4f9bf4e66","hosted catalog only; not a semantic review"
"public","run_retain_activity_events(text,integer)","true","jsonb","false","false","true","a9f5d4b2fe089980ae1f6ffebb3dd0224d245930728261865863217083f1d5c2","hosted catalog only; not a semantic review"
"public","run_retain_purchased_groceries(text,integer)","true","jsonb","false","false","true","6521bcafcc63f9cd9894ab076a529845eafe905387e415d036d4746e167babe2","hosted catalog only; not a semantic review"
"public","update_recurring_expense_rule(uuid,text,bigint,uuid,jsonb,text,date,text,integer,integer,uuid)","true","jsonb","false","false","true","0f7a51adb7bd9f937b499661310c575862e7372a606b4a6d4325fd8ae4345d44","hosted catalog only; not a semantic review"
"public","update_routine_definition(uuid,text,text,uuid,uuid,text,uuid,uuid,text,jsonb,text,date,date,boolean)","true","jsonb","false","false","true","f11b8ff6a05a853f189935e9622e6a65c06058cc5815c1f2a2f93eee0c5b9d2c","hosted catalog only; not a semantic review"
