signature,bounded-review-evidence,full-acceptance
"add_project_task_batch(uuid,jsonb)",legacyExcludedBoundaries (actual full-chain cases),open
"archive_household_decision_option(uuid,boolean)",legacyExcludedBoundaries (actual full-chain cases),open
archive_routine(uuid),legacyRoutineBoundaries,open
"assign_expense_context(uuid,uuid,uuid,uuid,text,uuid,uuid)",legacyContextBoundaries,open
begin_household_attachment_cleanup(text),legacyAttachmentBoundaries (named cases),open
cancel_shopping_session(uuid),legacyShoppingBoundaries,open
"choose_household_decision_option(uuid,uuid)",legacyExcludedBoundaries (actual full-chain cases),open
claim_calendar_sync(uuid),legacyCalendarBoundaries,open
"claim_grocery_item(uuid,uuid)",legacyShoppingBoundaries,open
"complete_occurrence(uuid,text,date,text,text)",legacyReceiptParents (named cases),open
"confirm_expense_draft(uuid,text,bigint,uuid,jsonb,date,uuid,text,text)",legacyRecurringBoundaries (actual full-chain cases),open
"convert_household_decision(uuid,text)",legacyExcludedBoundaries (actual full-chain cases),open
"correct_financial_event(uuid,text,jsonb)",legacyFinancialBoundaries,open
"create_and_place_meal(uuid,text,date,text,text,text,text)",legacyMealBoundaries,open
"create_meal_preparation(uuid,text,text,date,uuid,text,uuid,uuid,text)",legacyMealBoundaries,open
"create_recurring_expense_rule(uuid,text,bigint,uuid,jsonb,text,date,text,integer,integer,uuid)",legacyRecurringBoundaries (actual full-chain cases),open
"create_routine(uuid,text,uuid,text,text,jsonb,uuid,uuid,text,uuid,text,date,date)",legacyRoutineDefinitions,open
"create_routine_once(uuid,text,jsonb)",legacyRoutineDefinitions,open
disconnect_calendar(uuid),legacyCalendarBoundaries,open
"dismiss_expense_draft(uuid,text)",legacyRecurringBoundaries (actual full-chain cases),open
"edit_routine_definition(uuid,timestamp with time zone,text,jsonb)",legacyRoutineDefinitions,open
"enqueue_self_device_push_test(text,uuid)",legacyNotificationBoundaries (actual full-chain cases),open
"establish_opening_balance(uuid,uuid,bigint,date,text,text,text)",legacyContextBoundaries,open
finish_household_attachment_cleanup(text),legacyAttachmentBoundaries (named cases),open
"finish_shopping_session(uuid,text,date,bigint,text,boolean,text,bigint,uuid,jsonb)",legacyShoppingBoundaries,open
"generate_due_recurring_drafts(uuid,date,text)",legacyRecurringBoundaries (actual full-chain cases),open
household_attachment_usage(),legacyBoundaries,open
mark_inbox_notifications_read(uuid[]),legacyNotificationBoundaries (actual full-chain cases),open
"merge_grocery_items(uuid,uuid,text,text,text,uuid,text,integer,text)",legacyShoppingBoundaries,open
"move_meal_plan_entry(uuid,date,text,text)",legacyMealBoundaries,open
pause_my_push_for_signout(),legacyNotificationBoundaries (actual full-chain cases),open
pause_routine(uuid),legacyRoutineBoundaries,open
"place_meal(uuid,date,text,text,text,uuid,uuid,text,text,text)",legacyMealBoundaries,open
"post_contextual_expense(uuid,text,bigint,uuid,jsonb,date,text,text,uuid,uuid,text,text,uuid)",legacyContextBoundaries,open
"post_manual_expense(uuid,text,bigint,uuid,jsonb,date,text,uuid,text,text)",legacyFinancialBoundaries,open
"post_refund(uuid,bigint,jsonb,date,text,text,text)",legacyFinancialBoundaries,open
"read_household_cost_context(text,uuid,integer,date,uuid,uuid)",legacyContextBoundaries,open
"read_self_device_push_test(text,uuid)",legacyNotificationBoundaries (actual full-chain cases),open
"reconcile_calendar_snapshot(uuid,uuid,jsonb)",legacyCalendarBoundaries,open
"record_calendar_push(uuid,uuid,uuid,text,boolean,text,text)",legacyCalendarBoundaries,open
"record_settlement(uuid,uuid,bigint,date,text,text,text,text)",legacyFinancialBoundaries,open
"register_push_subscription(text,text,text,text)",legacyNotificationBoundaries (actual full-chain cases),open
"release_calendar_sync(uuid,uuid,text)",legacyCalendarBoundaries,open
"release_grocery_item(uuid,uuid)",legacyShoppingBoundaries,open
remove_grocery_item(uuid),legacyShoppingBoundaries,open
"remove_meal_plan_entry(uuid,text)",legacyMealBoundaries,open
reorder_household_areas(uuid[]),legacyExcludedBoundaries (actual full-chain cases),open
"reschedule_occurrence(uuid,date,text)",legacyReceiptParents (named cases),open
"reserve_household_attachment(text,text)",legacyAttachmentBoundaries (named cases),open
"save_planned_meal_to_library(uuid,uuid,text,text,text)",legacyMealBoundaries,open
"search_household(text,text[],boolean,integer,integer,text,uuid)",legacyBoundaries,open
"set_household_decision_status(uuid,text)",legacyExcludedBoundaries (actual full-chain cases),open
"set_recurring_expense_rule_active(uuid,boolean,text)",legacyRecurringBoundaries (actual full-chain cases),open
"skip_occurrence(uuid,text)",legacyRoutineBoundaries,open
start_shopping_session(uuid),legacyShoppingBoundaries,open
unpause_routine(uuid),legacyRoutineBoundaries,open
unregister_push_subscription(text),legacyNotificationBoundaries (actual full-chain cases),open
"update_meal_plan_entry(uuid,text,date,text,text,text,text)",legacyMealBoundaries,open
"update_recurring_expense_rule(uuid,timestamp with time zone,text,bigint,uuid,jsonb,text,date,text,integer,integer,uuid)",legacyRecurringBoundaries (actual full-chain cases),open
"upsert_digest_preference(boolean,time without time zone)",legacyNotificationBoundaries (actual full-chain cases),open
