function,actor,role,denied,reason,assertions
establish_opening_balance,1,authenticated,True,foreign-or-absent-member,{}
establish_opening_balance,9983,authenticated,True,foreign-or-absent-member,{}
establish_opening_balance,,authenticated,True,foreign-or-absent-member,{}
establish_opening_balance,1,anon,True,anonymous-execution,{}
post_contextual_expense,9981,authenticated,True,foreign-or-absent-member,{}
post_contextual_expense,9983,authenticated,True,foreign-or-absent-member,{}
post_contextual_expense,,authenticated,True,foreign-or-absent-member,{}
post_contextual_expense,1,anon,True,anonymous-execution,{}
assign_expense_context,9981,authenticated,True,foreign-or-absent-member,{}
assign_expense_context,9983,authenticated,True,foreign-or-absent-member,{}
assign_expense_context,,authenticated,True,foreign-or-absent-member,{}
assign_expense_context,1,anon,True,anonymous-execution,{}
read_household_cost_context,9981,authenticated,True,foreign-or-absent-member,{}
read_household_cost_context,9983,authenticated,True,foreign-or-absent-member,{}
read_household_cost_context,,authenticated,True,foreign-or-absent-member,{}
read_household_cost_context,1,anon,True,anonymous-execution,{}
post_contextual_expense,1,authenticated,True,foreign-context,{}
assign_expense_context,1,authenticated,True,foreign-context,{}
read_household_cost_context,1,authenticated,True,foreign-context,{}
contextual_expense_receipts,1,authenticated,True,private-receipt-table-direct-read,{}
expense_context_change_receipts,1,authenticated,True,private-receipt-table-direct-read,{}
post_contextual_expense,2,authenticated,True,foreign-context,{}
assign_expense_context,2,authenticated,True,foreign-context,{}
read_household_cost_context,2,authenticated,True,foreign-context,{}
contextual_expense_receipts,2,authenticated,True,private-receipt-table-direct-read,{}
expense_context_change_receipts,2,authenticated,True,private-receipt-table-direct-read,{}
establish_opening_balance,9981,authenticated,True,invalid-centimes,{}
establish_opening_balance,9981,authenticated,True,invalid-centimes,{}
establish_opening_balance,9981,authenticated,True,foreign-creditor,{}
establish_opening_balance,9981,authenticated,True,missing-retry-key,{}
establish_opening_balance,9981,authenticated,True,changed-retry-payload,{}
establish_opening_balance,9981,authenticated,True,second-opening-preserves-original,{}
establish_opening_balance,1,authenticated,True,nonmember-historical-retry,{}
establish_opening_balance,9982,authenticated,True,invalid-centimes,{}
establish_opening_balance,9982,authenticated,True,invalid-centimes,{}
establish_opening_balance,9982,authenticated,True,foreign-creditor,{}
establish_opening_balance,9982,authenticated,True,missing-retry-key,{}
establish_opening_balance,9982,authenticated,True,changed-retry-payload,{}
establish_opening_balance,9982,authenticated,True,second-opening-preserves-original,{}
establish_opening_balance,1,authenticated,True,nonmember-historical-retry,{}
establish_opening_balance,1,authenticated,True,retained-opening-cannot-reset,{}
establish_opening_balance,2,authenticated,True,retained-opening-cannot-reset,{}
assign_expense_context,1,authenticated,True,foreign-existing-expense,{}
post_contextual_expense,1,authenticated,True,negative-centimes,{}
post_contextual_expense,1,authenticated,True,unsafe-centimes,{}
post_contextual_expense,1,authenticated,True,foreign-payer,{}
post_contextual_expense,1,authenticated,True,foreign-allocation,{}
post_contextual_expense,1,authenticated,True,invalid-context-kind,{}
post_contextual_expense,1,authenticated,True,wrong-project-booking,{}
assign_expense_context,1,authenticated,True,settlement-is-not-expense,{}
assign_expense_context,1,authenticated,True,missing-expense,{}
assign_expense_context,1,authenticated,True,wrong-project-booking,{}
assign_expense_context,1,authenticated,True,missing-kind,{}
read_household_cost_context,1,authenticated,True,invalid-page,{}
read_household_cost_context,1,authenticated,True,partial-cursor,{}
read_household_cost_context,1,authenticated,True,wrong-project-booking,{}
post_contextual_expense,1,authenticated,True,archived-context,{}
assign_expense_context,1,authenticated,True,archived-context,{}
assign_expense_context,2,authenticated,True,foreign-existing-expense,{}
post_contextual_expense,2,authenticated,True,negative-centimes,{}
post_contextual_expense,2,authenticated,True,unsafe-centimes,{}
post_contextual_expense,2,authenticated,True,foreign-payer,{}
post_contextual_expense,2,authenticated,True,foreign-allocation,{}
post_contextual_expense,2,authenticated,True,invalid-context-kind,{}
post_contextual_expense,2,authenticated,True,wrong-project-booking,{}
assign_expense_context,2,authenticated,True,settlement-is-not-expense,{}
assign_expense_context,2,authenticated,True,missing-expense,{}
assign_expense_context,2,authenticated,True,wrong-project-booking,{}
assign_expense_context,2,authenticated,True,missing-kind,{}
read_household_cost_context,2,authenticated,True,invalid-page,{}
read_household_cost_context,2,authenticated,True,partial-cursor,{}
read_household_cost_context,2,authenticated,True,wrong-project-booking,{}
post_contextual_expense,2,authenticated,True,archived-context,{}
assign_expense_context,2,authenticated,True,archived-context,{}
establish_opening_balance,9981,authenticated,False,successful flow,"{""sameRetrySingleEvent"": true, ""zeroSum"": true}"
establish_opening_balance,9982,authenticated,False,successful flow,"{""sameRetrySingleEvent"": true, ""zeroSum"": true}"
post_contextual_expense,1,authenticated,False,successful flow,"{""exactContext"": true, ""kind"": ""project"", ""singleEvent"": true, ""zeroSum"": true}"
post_contextual_expense,1,authenticated,False,successful flow,"{""exactContext"": true, ""kind"": ""asset"", ""singleEvent"": true, ""zeroSum"": true}"
post_contextual_expense,1,authenticated,False,successful flow,"{""exactContext"": true, ""kind"": ""commitment"", ""singleEvent"": true, ""zeroSum"": true}"
post_contextual_expense,1,authenticated,True,changed-retry-payload,{}
post_contextual_expense,9981,authenticated,True,nonmember-historical-retry,{}
post_contextual_expense,1,authenticated,False,successful flow,"{""acknowledgmentDoesNotRestoreContext"": true}"
post_contextual_expense,2,authenticated,False,successful flow,"{""exactContext"": true, ""kind"": ""project"", ""singleEvent"": true, ""zeroSum"": true}"
post_contextual_expense,2,authenticated,False,successful flow,"{""exactContext"": true, ""kind"": ""asset"", ""singleEvent"": true, ""zeroSum"": true}"
post_contextual_expense,2,authenticated,False,successful flow,"{""exactContext"": true, ""kind"": ""commitment"", ""singleEvent"": true, ""zeroSum"": true}"
post_contextual_expense,2,authenticated,True,changed-retry-payload,{}
post_contextual_expense,9981,authenticated,True,nonmember-historical-retry,{}
post_contextual_expense,2,authenticated,False,successful flow,"{""acknowledgmentDoesNotRestoreContext"": true}"
assign_expense_context,1,authenticated,True,changed-retry-payload,{}
assign_expense_context,1,authenticated,True,stale-association-revision,{}
assign_expense_context,9981,authenticated,True,nonmember-historical-retry,{}
assign_expense_context,1,authenticated,False,successful flow,"{""events"": 9, ""noFinancialPosting"": true, ""receipts"": 2, ""retainedNewAssociation"": true}"
assign_expense_context,2,authenticated,True,changed-retry-payload,{}
assign_expense_context,2,authenticated,True,stale-association-revision,{}
assign_expense_context,9981,authenticated,True,nonmember-historical-retry,{}
assign_expense_context,2,authenticated,False,successful flow,"{""events"": 9, ""noFinancialPosting"": true, ""receipts"": 2, ""retainedNewAssociation"": true}"
read_household_cost_context,1,authenticated,False,successful flow,"{""bookingFilter"": true, ""completeLineagePagination"": true, ""exactLineageEvents"": 4, ""exactPaidCentimes"": 60}"
read_household_cost_context,2,authenticated,False,successful flow,"{""bookingFilter"": true, ""completeLineagePagination"": true, ""exactLineageEvents"": 4, ""exactPaidCentimes"": 60}"
