path,sha256
Nest/Core/MealPreparationRecovery.swift,1f3d1a9d852c50637b13c2e0073c48f49945081e29513fe1e18448186084a818
Nest/Core/MealPreparationSnapshotStore.swift,0380aa7a9a4da6d79ba4b0c4ca35518c0a3509367a485a3ff80fd32c0545c033
Nest/Core/MealPreparationStore.swift,89cfbd5a636e2ee9675270241be418ee49a0868522cf609554fac3f11ad90348
Nest/Core/MealProposal.swift,fae4fca3ab3e1a94e1b323cc15ed2d41a532e26eaf6520e7aacc7e7bb219a891
Nest/Core/MealProposalAPI.swift,b52de83b35738c89c3d1b026a9c9083c65c947a23e6564192b4ce0468e95445b
Nest/Core/MealProposalApproval.swift,e4a79f866344a6aa283f0dfabc33fc4df1baf1d2c6dfacb60c7c0bf7d2faa49b
Nest/Core/MealProposalApprovalStore.swift,4235eda3175c41063f1209645198c329fa415eb2496f915133f09c44fb67d6bb
Nest/Core/MealProposalDiscard.swift,aa7748f2f389277d202a6cec417c41351cd538789e478821e0b758f20ba9a39d
Nest/Core/MealProposalDiscardStore.swift,bb1ec0a9191b5f7e8ddcba07d346bbed43bc7238a13b157da3db1b332c3111ee
Nest/Core/MealProposalEdit.swift,d7352215383556c95c9a7e9bdd70e448d15836cc46cedf450407ee8d34bbff58
Nest/Core/MealProposalEditStore.swift,43fd093d4929b3bb7e256d9b6b71d188819ff77b8736bfa1b9627cff3c0c84db
Nest/Core/MealProposalGeneration.swift,9eb0de74b55c702082243f9bada54feed3d3702f0fe16e0465c62c54886e0411
Nest/Core/MealProposalStore.swift,87d08a19387dc661b242af868c8b06f3e002dbdbed101317bdeff72eb39b3c0a
Nest/Core/MealRecipePlacement.swift,f230a3927dba05fdb523f2de306943d1ce731d3315514a0aee586d17f194a9cb
Nest/Core/MealRecipePlacementStore.swift,197a04eeb50823778210f8bc17d6951541321082b4d17aacde4c0c8856326125
Nest/Core/MealRecipeReplacement.swift,ee5daf71d8ed57dc5a6ed223de6df335511f591c0c115d1ecdd590fd6f53a24c
Nest/Core/MealRecipeReplacementAPI.swift,40bbdcd13e033c541861e8a705ab0844b814a758434feed2329057a0f16906e1
Nest/Core/MealRecipeReplacementStore.swift,e577cd31a5f50c35856e514caf861775b3c82d422f7a7f5dbb30d5dc3ab576f8
Nest/Core/MealReminder.swift,4600a51dfe7483482d3b524580d293d423de99a4ad9a30d0b3f53f7e6d046b72
Nest/Core/MealReminderAPI.swift,f0d074a73797fc04bd31feadaff62d67e4a10cd37321305eeac5084ee6bff46c
Nest/Core/MealReminderStore.swift,2385afdfeda4b92f2a1a1e9150a6804ce175d224e608214ff8bcba1db8b1c9a5
Nest/Core/MealRemoval.swift,eaadce205f37be4becae2bcbe409378d377dc8763730d87cfa222ab204356044
Nest/Core/MealRemovalStore.swift,8b91d2d59682853397452871457b8992e70a4aace048c148ff8d79caf04f35b6
Nest/Core/MealReplacement.swift,623d34c151e7d12983836affbd24a24673e1dba810b215a52ac9088a3fee96cf
Nest/Core/MealReplacementStore.swift,f02b59a86fcba5f28d1e7d47b9481b8c9d907eae1d81fe653b25c44663d6920e
Nest/Core/MealWeek.swift,996d93354eaf343bc62aca7ae226fa7ee84f1011367eb25eae390a72fb093566
Nest/Core/MealWeekStore.swift,78d51b0a8e49ccd31f46df579ea1378965823402b100dfd18ae6479658757e22
Nest/Core/MemoryCommandAPI.swift,7c556063eb7067a19bf3ea96cc90506641b2596ee842c9fed8c224e5d5e9b8c8
Nest/Core/MemoryCommands.swift,d96a598ebc40c1c12387981618a60e4c168450b16a90efc5338538198d053133
Nest/Core/MemoryRecovery.swift,7c97216f9502ae2579895610bbedb786d9be816df101db60a88acab594456820
Nest/Core/MoneyBalance.swift,ef3116e0940fa2e15579994905349689795094c861d1da737cfae38af3a93770
Nest/Core/MoneyCategories.swift,bdea81d0a8eb39328e3e677177d911758e09082ef1a5c663cd3a7036b9aefb3a
Nest/Core/MoneyDetail.swift,f74b39937204bc4e95aa425636fff697c8df29be619d0f62f965827e44fc737a
Nest/Core/MoneyHistory.swift,8c17f8b6af51825ceb56b3546e072fb49507f7309ecc1cf3d68be0d7dc06ef1e
Nest/Core/MoneyReadStore.swift,3fceed2557d99d4734fbc1f669dc51b9d8c83aa0b9c87b6f92666b20f400f41d
Nest/Core/MoneyTime.swift,e9b18f09a9fd130ca05944803c8ac1a3f9ae2a82c94e6af6c8350098f7a1a76d
Nest/Core/NativePushBuild.swift,7e6d1cbe02051b120347325315698100e671d76b2fe622d13c653965984830d0
Nest/Core/NestEnvironmentScope.swift,6dd1928e4485fe47188f135b0c032ee3b381a5a3329935c46269b2093ffab918
Nest/Core/NestHTTP.swift,cde35c5ebc641fc39260ee3c831ecd1e0ba03e1600dd320d5d0f64bd7cb8ff9f
Nest/Core/NestPushDestination.swift,2f4fcd69bd4595567afbf4b5dc69c936c99f0d5b8744a662b65ffc7586638e67
Nest/Core/NotificationAPI.swift,ffcaf5c64e4c2c3be6e8a60aa103bcb8ae2eacac1ee5979376e458728d203e48
Nest/Core/NotificationPreferenceStore.swift,af22d1ac01684dec10262e6b540e0ee4c7843292c1b12daa9d17262ff30900cd
Nest/Core/NotificationPreferences.swift,a3c916a66021a31e4aabaab7315e6ea061bfc7d2aff1e0376d130fe59e818106
Nest/Core/PendingFinancialApprovals.swift,53e7a1ed7a5bf3a52579cb9a2b2323ca1916f86fb11acf8d38819b023ef56393
Nest/Core/PlannedRecipe.swift,963b0b6e62799cddf6090d10204f89f373cbd62821cfcbc45143f4e30847b3df
Nest/Core/PlannedRecipeStore.swift,fcbe59e1ea41cfb7e240a412b6af6996fd5b21706537c52440feac02ce796619
Nest/Core/PrivateMemory.swift,41b1a7dc576a719ad8dc70035afae04f748a178172e306a9f237928dc1000f17
Nest/Core/PushDeviceCommand.swift,2cd4ad8cec15bc7952cc0845a8230b93cb04d35af7e661f9e8b7738e0bb3335b
Nest/Core/PushLogoutAPI.swift,99dff25c388c2eea49a1f473c97af975918ffa3d91cdf01c6c0519e8c04c0917
Nest/Core/PushLogoutCleanup.swift,0072b5f7f0880f683d35477d7fcce2fc785ae4e205521c6861ab60abb1f903e4
Nest/Core/PushLogoutStore.swift,0b91b4ef4ce2f763784e6456c613c95b2f3a698a58e589452c64f3163222ef2a
Nest/Core/PushRegistration.swift,f1cd761f9f4ad817aff33cbd25a2232045ff15dbbff1c2040563c71fa5361f3f
Nest/Core/PushRegistrationAPI.swift,16abac9a6ffb6269c7ec75f5cfd2355ec9052eeec26ac9fefe5cdd36b79cfe73
Nest/Core/PushRegistrationStore.swift,aa8ad5cb0c25d4759be480bbe16744e413b83b9fd6e10c32c9441af0113ce50d
Nest/Core/PushSessionRevocation.swift,0e40574873ab91f7f8808fb0e08e7560c347bf19ebb6ed5ede5db5af71021b85
Nest/Core/ReceiptLink.swift,68bcaecbd29029cdf619eb7476ed2b47ff99457c29f295d2767c257e57d19f6d
Nest/Core/ReceiptRecovery.swift,2d66c53ade1987c99928de04d8bcf505f9485f459154ecfd45a721a08635bc76
Nest/Core/ReceiptStore.swift,e26136fd019740fe34af44a0bae4437e2ca7ee819a1632a3a7656cb8031c6d0e
Nest/Core/ReceiptTransport.swift,1e101f80f929619f4867956c960ba3776abdbd32f87c4dd5c31d664dc90c681c
Nest/Core/ReceiptUpload.swift,3ced44996f6d78837957d87290aa0e806f335f583f9ffa972ec0844dca2f81d8
Nest/Core/RecipeArchive.swift,1ef4358a4b4ca55d7e806118e645469ef9f38a46fdf7f6a76c5f36e220d2d1a2
Nest/Core/RecipeArchiveStore.swift,bf6b1ccd5956c053c9748629e5e5b7b63c39788d2bf4e18ddb70a3ee6b1c1a52
Nest/Core/RecipeContent.swift,27eba5a68ca9236dedcdebc7dc525a0e8ee10c173f55501d57bef6cecd407043
Nest/Core/RecipeCreation.swift,80168d1c0c5826217964ba06c89e060c21c9cac11d7832dfbfdf0023b5415749
Nest/Core/RecipeCreationStore.swift,593ba1a1c41eb1ad09c72ddbba7e4908b2234a26df0d663c7742f665b3dbe428
Nest/Core/RecipeEdit.swift,0f9ea337cc97f876ef0fc79f216220d489d9936f6ffffde53c9aa2282f89b2b2
Nest/Core/RecipeEditDraft.swift,06f84a142e877666a63b3deaebbe8dc59f62e03163f53fcc1aa64b0fbfc986ba
Nest/Core/RecipeEditReconciliation.swift,6c0d324fff2e9f18c4d00fc861046122e822c5a03503bd51ce80a79c382dd06b
Nest/Core/RecipeEditStore.swift,5339b643fe8c09d4288e3cf4120f8304690a5de0005d5d112d0712c6aba2c78f
Nest/Core/RecipeIngredientEdit.swift,05c9f7648487fabf271a2693ad71e17ed13e8166fb8c1baa21c9f9cc0f67c8c6
Nest/Core/RecipeReadStore.swift,dff3699473791c663aecd1dca8f71e7706117083f42c742a9a8ad51966cb9dbc
Nest/Core/RecurringAPI.swift,e5c9a99896d5a2cd51c0c3bbc15a7d59c99d473e1b9974b7d4554cef1cd6eeba
Nest/Core/RecurringApproval.swift,f4bf0e37e32c62531f4dc45696c601cc3490f785bcf873c4713f1e61d345a356
Nest/Core/RecurringCommand.swift,6aacb22a747d842444d638215b0940df664a10b68005119314a27217d903b9ff
Nest/Core/RecurringConfiguration.swift,db33b6494c395f2724bcd5d29930ce3ebbdb062b12370fb832abb168415183e7
Nest/Core/RecurringDates.swift,db956dee82a04554d24a0d8652221b6da5a71cb164d52b5714515737d10afb6b
Nest/Core/RecurringDecision.swift,72d7a80ea46baa082ef5c8b871754f8de2195960005ff84041030198626b7158
Nest/Core/RecurringDecisionStore.swift,3ddea4db06b15e00ee0376c162e11c6ab2e50689bd68a506be768e4ddfdeeded
Nest/Core/RecurringDraft.swift,f8bb70294c323042eca754d35a3471db52ff314ab3ff6ca9f89e7afbbc628e20
Nest/Core/RecurringEntryPreflight.swift,f7d0993d7053c135dcf807142634179b0b850e45e6d1cea368d8eb043434f6d2
Nest/Core/RecurringRead.swift,3db28c5bbf89642e800c5c9e77594ab361f0c8ba2ba306faf92353826f3b4384
Nest/Core/RecurringRecovery.swift,eab8462fc5f886ada41e53d1f6450e200b3ddcc215ac71e3ee99c34dfb57a29c
Nest/Core/RecurringReminder.swift,58e1fa129940bf2e767fb5d0cca0641b1aeee2be9463a6d4f96ccb278aaab28f
Nest/Core/RecurringReminderAPI.swift,a3a4f22904b3307314cf6f36660b12ba97bd8d9565a4a5af3f63b2e285320ebf
Nest/Core/RecurringReminderStore.swift,73d0a842d2b9309dc2d73c224b279be952719d8f2d35055a46774daee3c1f063
Nest/Core/RecurringResumeAPI.swift,9e38a114ba6129c41a9d9e9905d9c1f9e4eb0c81e6d00c6f6c84ce3db0215929
Nest/Core/RecurringResumeApproval.swift,ac5183cd9472cc0ac90eca703421bc6091fd80148ac363c3542a3e662f7a76b7
Nest/Core/RecurringResumeCommand.swift,12f73dddfe33c0e5b64576550c6ef8d711e7f0e40b7895133989925d8864e5e5
Nest/Core/RecurringResumeDecision.swift,eb76dbe029ab187539ccf4b7efc1d6ab584e88f954d7be4e4b050be60b4e0395
Nest/Core/RecurringResumeDecisionStore.swift,0039ba30ec07bcf6d57a02db0fd259c99ee3e5aaa70e097eaf3b2f8a22e4973e
Nest/Core/RecurringResumeRecovery.swift,604d7d3a5b8091c271bcc3f1f03426361160ee699e31d6081bbbe154c1ec0805
Nest/Core/RecurringResumeStore.swift,f6005bc951068244da5fb0f39304a68830cc59a0ec36f6b897077ab82652730f
Nest/Core/RecurringStateAPI.swift,523a97e96fb587d30ca96c4ad2675bb8cb87f7efd0468633e5f0960a4075f8d7
Nest/Core/RecurringStateApproval.swift,b0e52392e77eccf75fd89384fc914bdc73b956d122eb33c443e6be966c982e2a
Nest/Core/RecurringStateCommand.swift,e1ff3410f87af78378d047a6b94ba370aa7917400207a308c83f0d307d6e16da
Nest/Core/RecurringStateDecision.swift,0a2319ae1f1b49ffed23bc9463585c1c1ed383c48115ab53bf61438ffd6121fa
Nest/Core/RecurringStateDecisionStore.swift,8c18c14146c629d070317fb423e9aef19ce4e8b4aeed1ac71fff7283bd7a0637
Nest/Core/RecurringStateRecovery.swift,ab065ef096351564180c8254d9652423335c1ac332b6f1453babc431dc26978c
Nest/Core/RecurringStateStore.swift,ae30a6ad27a86abf76d1f6115b771115bca761537fa7f69ee5374db9c00de817
Nest/Core/RecurringStore.swift,472565013b0b12eb09b8e675ecde968682121b984390f9c8bfbacb409d4749e1
Nest/Core/RefundAPI.swift,bbe9088a0280f76c4ca7221f0d07be5d1486f9ee331c969873ae322bda7119e6
Nest/Core/RefundApproval.swift,fa6e88d539a9a2e25c03de8b0d937c97370717330acd1801a18576a731ab459d
Nest/Core/RefundCommand.swift,349cecf744bb7747377cbf2e31be3e85c8360fa01da05aff90f3720e4c7da76e
Nest/Core/RefundContext.swift,53e3cc949998b73a2cc89ce1a5d6db086d4f4247b5a9b4f5f1cd31bc6af48d15
Nest/Core/RefundDecision.swift,60ed906f6f3b248a351518cbefb7e72d8d76a99e667fd57e010a2de57c1b3458
Nest/Core/RefundDecisionStore.swift,a06806013a40b2d8ddd02825149e3883da4a0872bed1fde65e6666ed8f4844d9
Nest/Core/RefundRecovery.swift,d46e743b784a5f155f852243ae6e0bf90bf3e1b7c331a419bcb2e85edcd7c0b4
Nest/Core/RefundStore.swift,2a26cb80db00a2b14f03d7d383af187a72539b7c21d328a3472e54f1b7c42856
Nest/Core/ReminderSettings.swift,70e97e2ac8f4e6edb3c9fe241731f98067d3011ac852f0169e52cb658a1668cb
Nest/Core/RenewalAPI.swift,eca4b2de23f9d209b9a45da1afb6abd6b44e26952b245186f0d031295dbc65df
Nest/Core/RenewalFields.swift,ccfcad8a8e4bccf6824f289335cd08bcbdf1e44d015cc42be7e69f670423cacb
Nest/Core/RenewalReminderAPI.swift,66ebdd4e2ba5ac3924cc1ed8da7de8b6836bdf83aff8dccfe88ff9fb1a39f718
Nest/Core/RenewalReminderCommand.swift,bdbeb712d7d6fa1aa03073e7777d8563b2b459657161b62091cf6957b61efa2c
Nest/Core/RenewalReminderStore.swift,45bdf7f94ad091e76cc888bc3d4e63ad2e4ed53c469d0bb2f5a2c378608e179e
Nest/Core/RenewalStore.swift,07a38f9747173087e03736e856edc6476aee8252e9c3531d7d61481590f36cd8
Nest/Core/Renewals.swift,ae234580ecfdf130e8c8312397c69a0dc726a6efd567ede70c25cab406ce3adb
Nest/Core/RoutineCancellation.swift,0067b75ab0b682963d5551d204252a966d5174c3da2d9ff3d8ed9f6b15118801
Nest/Core/RoutineCancellationStore.swift,c3a10c799da5635df017d261b622500d00a53404530b1c35cd1d15cff4f4aa25
Nest/Core/RoutineCreate.swift,3f0c7c118a44b5049103301441958482c6933850d01d364589cf9c20fb04878b
Nest/Core/RoutineCreateStore.swift,bbb93c09920685cd9779f2b3ddca7ac98b51290e48ef3b590bb934c34d736efc
Nest/Core/RoutineEdit.swift,4c09c4549ac3b54010e1fc8d8147016cf5b49b1569d4ba869fcf9e194c52f16c
Nest/Core/RoutineEditStore.swift,5fb3f110047d702330e9d013ba59da44e0bd33fab7216baf4dc8bceab4ae17ee
Nest/Core/RoutineList.swift,c14b7622402a35325fb4804e53a70a0e2eb0b7893fb965a054ce1c2962425008
Nest/Core/RoutineRoster.swift,e43ac8afdd526643baf7c44c635fc13f07566bf9e7514e4ce25de53bf7aefeef
Nest/Core/RoutineSchedule.swift,839ded0d4e65baee1d324d2a0ef016783e0a015f343de97eaea4305189283fc8
Nest/Core/RoutineState.swift,04477dd39040360b60b2e03759f31d0f110b66fb3bf2570903c0665ac36f3ce9
Nest/Core/RoutineStateStore.swift,37e4c10a0ef13af85717070bd5deabcef1facb92f467c1d79bcdb0557afe3284
Nest/Core/SQLiteConnection.swift,b9bf12aa023f2fd3f7c4128b31313e6161e78927dd0f27c64bf232e08f2846e9
Nest/Core/SavedTransferCommand.swift,7a00df2728b6585e0c5260ee7bd126ff19f196b2afb812c6bb6560a7d2beefe6
Nest/Core/SchedulingAvailability.swift,38646744e27037ade9dc8a532a96df023b959d04f80bc84f44ed41f444cc3004
Nest/Core/SessionContracts.swift,90ca800ef9b42f432201cdc5b42540a231b158a1cff3d1a8530f7380bd6b2b26
Nest/Core/SettlementAPI.swift,2750c4fcfb38f9dc484f8f0491fa2ff6bf233c3fca6bf6cd38ae7be4e849ffaf
Nest/Core/SettlementApproval.swift,20f82dadc92c20e101fff775f2b882da7f30c44cb5d3840773fee14684540a0c
Nest/Core/SettlementCommand.swift,1afac66e743d8e35d17d0108cfbb72b8b8603d2e048ac6d1b0f589600a2cc213
Nest/Core/SettlementDecision.swift,5c05efb3d634fd207da85ececcb5e7212b403943d50e850563534f94709d4494
Nest/Core/SettlementDecisionStore.swift,bd6dcf431b901142482deaf3c3c867134c12c4e62d30eb545f101434ace2b5ea
Nest/Core/SettlementRecovery.swift,76c32356b869c111622cb01cdc7a05758ad44dd96fb9f041f257532bbfcc2722
Nest/Core/SettlementStore.swift,7336d3fa29e3fa3d461473c891909880c4fdf6558ae27979bd8db570c46ab654
Nest/Core/SetupChoiceStore.swift,a955f7b2a1d4fb29a1467d4923aa5b9062eeeb1b31d6c5a1ee5be2cab02bbf18
Nest/Core/SetupStatus.swift,a595e5bef5354fc022ce32d1d632e926364003473df058aa013fcfd2d7b48b2c
Nest/Core/TextWhitespace.swift,a538b2d1e6f2985929c0affded168bf2619715f3fbdbe70daf8cd481017f8466
Nest/Core/TodayChores.swift,9db81227e71388a467ac6750b3782284430546a15b89a7a97bb88e93176c449c
Nest/Core/TodayMoment.swift,a1121e3414d1cdeb7b6b8b7ab82983820dec3aedebf8a9630b9f6227067d1026
Nest/Core/VariableCycleAPI.swift,aa605f8c3c09bc4a0d65363afe0872edad00ce2f4aea65ee6a3110a29c4a1a1e
Nest/Core/VariableCycleApproval.swift,7a4cef9f8acb91f26fee9f140a41ead31ade2247f6dc72ab2946646d6eda8371
Nest/Core/VariableCycleCommand.swift,42c7717e2904107c2a0cbea6b1bf01ce3415822875d2bdbbd7264235bc9f4abe
Nest/Core/VariableCycleConflictEvidence.swift,93fe8d6a83aea71239b03b0ff85700539f3447fef768632e976cb8c97d5a2858
Nest/Core/VariableCycleDecision.swift,360f4107b60dd6170fffabdd54a1e62c8e9b36871ec5d88c448eb53836dacb4a
Nest/Core/VariableCycleDecisionStore.swift,5c77c27a099b66a2b628a53656081e16c8d196b62ee9108d9cd8e054aca28cb5
Nest/Core/VariableCycleDraft.swift,441aacfef08140f8ac41c3de408464bc09304465f55f6d4c8862cc16c7588456
Nest/Core/VariableCycleRecovery.swift,2ef37274ed2a892df2641e43a2121c76b956bd0e764545f8f29556affa7bcf3a
Nest/Core/VariableCycleStore.swift,24698fb54699a06347f8d5946337a535facb6a949302fc8c529c5ae0536f5c72
Nest/Groceries/GroceriesScreen+SavedWrites.swift,c631edb4e014eee4550d7d296da42fcbc59912a99f3cd7fb10a2c9c08c07cf6e
Nest/Groceries/GroceriesScreen.swift,0cad39a8ed631c05720cacbfe659b2da30b11a229a548e046fab7b8a70d5ed75
Nest/Groceries/GroceryAddSheet.swift,d5ec7d97876352ece73553109ec1065cc80ad260b13074ddc4a37763bea0dcae
Nest/Groceries/GroceryCategoryPicker.swift,0f9d60cf691ba62086458cb5001ce96ed1f132abd3535d0e9c6b20cd400c5c89
Nest/Groceries/GroceryEditSheet.swift,9093e276b9a9728d641a016d571d59595c474b567d7606105a5e5f59b03b8e01
Nest/HouseholdTabs.swift,15cece7ebd31d0fb4db3594be826300a9a087b13f682ea4f38fe122def277281
Nest/IdentifiedDraftBinding.swift,b42e13ba549dc2f94e4add452f369b8a8f7244e60efca6fb414f4123ff9f16d5
Nest/Meals/CookingPreferencesScreen.swift,b4a6f9c112b179a69a22471b53d7cc1a8548cb5e477045a1e54c00051df42158
Nest/Meals/FoodPreferenceFields.swift,2174cd6269247b2374277ccc1095a3d1cb8c5ac676c19c3b50eb190560170464
Nest/Meals/FoodPreferencesScreen.swift,c32ddbd69c1970d50c8d0a13a540803769e1562f915a9d9eef96cfb0597eb62a
Nest/Meals/IngredientChoiceRow.swift,9ff560f461ca483cd3d23853b72cf8b8493a186eae381874fb3793a9d5364117
Nest/Meals/IngredientReviewScreen.swift,2a1aaf49529c4b2e277daf9846daaf3089ce37a118bbb432ddc96f323e427086
Nest/Meals/MealAddSheet.swift,2ddc04dfbd4c5b86cb5a71d16313b063d445f66308664f2cb12648430667af58
Nest/Meals/MealDayView.swift,9cddd1a81ddcb93dbf5cabbcb62244f43dd2b2ba766dee6929b1ef2870e5afec
Nest/Meals/MealLeftoversStatus.swift,60857771eba9617363e87e7801f311c00c77659cabc5df70fb008d09833480c1
Nest/Meals/MealLibraryScreen.swift,7fb7afbc176b76b155eaa7a66d2e8dcc254d61e3d9a52c5182d63a0e57bcee37
Nest/Meals/MealMoveSheet.swift,48bd5d314921bcc5944c5d568dbc1762109d1b979851a17affd1d869e6028f35
Nest/Meals/MealMoveStatus.swift,9b4e884187650661be874654e99fa009f35973fc273488d6a5365eef413a47b6
Nest/Meals/MealPlacementStatus.swift,bf2899563d35193fdc1990287fa3242b29d345c139a3a85142d0dd6e87f5330f
Nest/Meals/MealPreparationForm.swift,dcf3e10007bcc16e62379c437f4af45df7514095cc05571ea637b9d71b5a228e
Nest/Meals/MealPreparationScreen.swift,b12e313f4cd8a15086bde4d6fa809f8750ce240296cdfe83c3252ed921a336fd
Nest/Meals/MealPreparationStatus.swift,f85216cb689e45399a0ccd441fc2962288bffa50c80d22e0efb9f3b9d576683f
Nest/Meals/MealProposalScreen.swift,db8da754fb6ae8a536e96d96b727877ebbcca87d6870b9907bae46ae94232278
Nest/Meals/MealRecipePlacementStatus.swift,3527d9b55d1021f7320f82a489b02b807c18661bcc9215189f471fd41c4311ca
Nest/Meals/MealRecipeReplacementStatus.swift,f3f3f16951f4ab396e8001f257e2ac7e64dbc122a84217f16a8c166d7350c546
Nest/Meals/MealRemovalStatus.swift,b44d66f2477c6e556d9eda465905d5615977468e170e552739bd00ab81faabb5
Nest/Meals/MealReplacementSheet.swift,a29724a1284e2d28f815317eb624bff8e544126f9be5173f1c56d0c907d539a2
Nest/Meals/MealReplacementStatus.swift,495cd8b516b37a520e8d41294c878c350b9998e3d03cbfb7b14e4104d78169ee
Nest/Meals/MealSavedChoice.swift,79d71a6e17c222651070b4844ff10f095dc4bd773a368cb587d2be8c31fc6c6e
Nest/Meals/MealWeekScreen.swift,ff6537253656d93aa7cef2b58a201c925548f672d1a8c5027aae28413fbe76ca
Nest/Meals/PlannedRecipeScreen.swift,3de92f02519730caf9369cecffa6228c8feba76d04415f217dbff6e1571476e5
Nest/Meals/ProposalDiscardControls.swift,d7995ad5db09a9af33e061fc1c9697e822633e9b37683874ce84392a0a92c611
Nest/Meals/ProposalEditRecovery.swift,91a29754b6b75f9f8fd8612089d26b478d68764615f7879c462d1df81edb7a10
Nest/Meals/ProposalMealEditSheet.swift,d33a0bd01f8c16d837a8a0303a6d795bc9c39709c7ce0159926f5ec2bd8e2aa9
Nest/Meals/ProposalRecipeScreen.swift,64f5d572d687903c798d6204ff10127909636feef36e4396411c0a4b14f30dc0
Nest/Meals/RecipeArchiveSheet.swift,bd94bfba449004c1d6e15bb6a6b0490c4b4571496d2449e54bf374bd8de58c6f
Nest/Meals/RecipeContentView.swift,c2d4705adebd6f9c8fc6008ba76b235c7c410388595c0381fb1c2553db40f2fd
Nest/Meals/RecipeCreateSheet.swift,9303b4ee85d7251dd5ae11ab4a6f1765e64d4f9283c12c73723f93a0d8396538
Nest/Meals/RecipeCreationStatus.swift,07ee7c72d127e79932599b53e927b5ca5be2b917a6d1bd0983ce251e6cd23c24
Nest/Meals/RecipeEditSheet.swift,0e8cee01fadd505505fa09b94a936cfbc013bf3e8630b53650e051cda90b5390
Nest/Meals/RecipeEditStatus.swift,79f96c700b88f2abb6b5a10ac5e7797fa4ba769c30012337b6114911b53ab7b7
Nest/Meals/RecipeEditorFields.swift,a9e46ced17dfc73590a6ef78adaadda07d99d8901b7891f8820fe2485b235fcb
Nest/Meals/SavedRecipeScreen.swift,28ec15375cdb48dcce786f87054df744dec2ae5034aa0e78f25a4b7a92f9e9dd
Nest/Money/ApprovalOriginalEntry.swift,9b90613f7cd9879661fcbf0100eaf1b029473740ff60e645bc775ed1bd7d0e1e
Nest/Money/CorrectionApprovalScreen.swift,4c76e449e6bfac00b6712af347581d713c13ff5049d151c685ba4a43691765fb
Nest/Money/CorrectionScreen.swift,3052d4bf8ff7f99cc90315f6c180fd5794027317fc2edae297928eb23e2d83ee
Nest/Money/ExpenseApprovalScreen.swift,1ba5458e9fe920b96f4a7f3e28fcee2c52c5c92f06ca4a6b877933a708d1ce60
Nest/Money/ExpenseCategoryPicker.swift,c5ec0d1333bf3233d51803790dd997a9a9f14c41da86d72d1480e6fbc7dd5293
Nest/Money/ExpenseFormFields.swift,cffa595ef2301a983de2ff8ef2fac91bf0267976ef2fe20c49a9b91feecae086
Nest/Money/ExpenseReceiptSection.swift,ca08539354b5088f106caf536ef0bee73d2cbea64183d2efd05d9fe1b262ac36
Nest/Money/ExpenseReviewSection.swift,a0d05470d08eef821279f03d75eedc167324b136f8b38963f6a2d2dcbbf6e40f
Nest/Money/ExpenseScreen.swift,f58cb58826ccc135fe138e4326c0477cb06e47fcd5c251822ece15e2971abf43
Nest/Money/FinancialApprovalLabel.swift,b55203a5113efbb2859cd5595552269293b0a53463e1d0614dd0b7f5d4ab403e
Nest/Money/FinancialApprovalRow.swift,5934287e1e3ad000ee04a706e50833c61ba573a4b9514d50326b910c08e9f90f
Nest/Money/FinancialApprovalsScreen.swift,5cd90ff53f4c206f850f6c27e2ef0b8b854f136a1ad6e8b2b8923e0e511847f2
Nest/Money/LegacyAdoptionApprovalModel.swift,b5152b661c4cfbbe234f907583f7ea69e1b6714ea9f0056a688e767112c076ac
Nest/Money/LegacyAdoptionApprovalScreen.swift,a7afd29bddddb40efaf375896840e936837b2922e5fe3e75713f4a29d4657644
Nest/Money/LegacyAdoptionModel.swift,642592d41828b4490c1e2e5f17a8dc7f8e84c8bc1241d2f076cfa17741098704
Nest/Money/LegacyAdoptionScreen.swift,1b930f0d92aacd6c5dd586749476eb67c8206c699f77f68f94fe04200913e2fb
Nest/Money/LegacyAdoptionTerms.swift,c226f74a48cc7fdea6c1ba0102e08199789073571146c49797fc5b2c769e4488
Nest/Money/LegacyConfirmationApprovalModel.swift,ce7ffe4cd2519be8c81272122580d6a8934350f538ae64c5d9dcfdc06752ebc9
Nest/Money/LegacyConfirmationApprovalScreen.swift,2bafe349a28cead2bcb0548a3ef21f7c011db220b59a5c357fc77f76e8e8bb0d
Nest/Money/LegacyConfirmationModel.swift,a8fb8c4b2980547c1605d7f1b90d1283a662af51a6719c0c5a25fce2c1b35ce5
Nest/Money/LegacyConfirmationScreen.swift,53bbfbf6c42a3dde14957fabcc9954e375e69033822026d20833ef3c6ab680e8
Nest/Money/LegacyDecisionRecoveryModel.swift,b1152b7e99a0a5dbf8da8f1520b6a65c1f44e667cf35c67eb73df7b5289ba4d6
Nest/Money/LegacyDecisionRecoverySection.swift,ebe0c9c324643471f64c0e4bdcdb37a170a929888ba8b673b9fc03e9a57bf49f
Nest/Money/LegacyDismissalApprovalModel.swift,d5b8da9690d003c036d2097d23b5d9fc2fbfbff2cc1b04a17dbba6c5d56eb05a
Nest/Money/LegacyDismissalApprovalScreen.swift,e25b8db09dec9dc3835e531fa087c6a922cc256479083db46c1ab2fa00723b61
Nest/Money/LegacyDismissalModel.swift,1f78a80f8290261a995ca81d63d33b03d98d6d8a96ade1e403e7275661960931
Nest/Money/LegacyDismissalScreen.swift,991f155748aa87f99027732864d1d70ccfa05b54fe93201f247f05e1c3b81e55
Nest/Money/LegacyDraftModel.swift,fdfad7facc20e6591e65b68f09ba2c8c9b90c3125d1e682dbdda37badfdba7f3
Nest/Money/LegacyDraftScreen.swift,cbd7cc9547610bd7bd8b55a685f8bd94f43b54b7b34a46b59a9d3bb56de349a8
Nest/Money/LegacyDraftsScreen.swift,cd899cc95608e88d3c53f025d10ed44ba833011c1658a3dceb49509989efac4e
Nest/Money/LegacyRecurringModel.swift,2d41866f8bb0fb2eb8752d2b68f1d8b4caeb0d0d1ee6cccaea7ad74af3f3c2e2
Nest/Money/LegacyRecurringScreen.swift,733cd2755f6e32ca1a8b2cfdc16092ff6be2fd3eb16910a61f237eddf0eac699
Nest/Money/ManualCycleApprovalModel.swift,104aa0da1b76dcf09eb59a3536c17546c6c37b3a2123d2466cb40f23d03dded7
Nest/Money/ManualCycleApprovalScreen.swift,c19fc5bb4edc96843d2fe6adcfc60d9f9b1d6338484f501f4df08a65e1edb72d
Nest/Money/ManualCycleModel.swift,c67e02bc1845e1ad630022583a9d7db8998a76659f09a8a21bfb435c3f36e775
Nest/Money/ManualCycleScreen.swift,a482a36571c421c747a71e3baac8662f4612e72e14f103d17e9bd7d0a2421c88
Nest/Money/ManualCycleSummary.swift,19b4bd3f884d22f2bbc5dda3da825879fbb04e1ce4d510c8a71362cff3298cbe
Nest/Money/MoneyDetailScreen.swift,a7454f7c33b4a6e8bd672c6331b429c4c8321da643c21763933052c1dbd2b719
Nest/Money/MoneyDraftField.swift,cea059483f2f2a42a9c617c700f899b9b0052b798b42f0e4b190761adf2addb6
Nest/Money/MoneyHistoryScreen.swift,3535048fd91253e3bd3a804ac012dfd242e235a65ef89543db66029b97d8b689
Nest/Money/MoneyHistorySection.swift,25a4e62771493a22dd3b6d982c4fc7906798c7dc1ffa5b13fe865a608c27a50d
Nest/Money/MoneyQuickActions.swift,e0a6828a338eba129e11816e64404df9dd08a078245bd3a2c66f7c356ba2eb12
Nest/Money/MoneyScreen.swift,6b74ae550757a4466ee97bc12596f79bcebcdad5c4a3601ff577fde25c0ece8c
Nest/Money/ReceiptButton.swift,74b6d95cc40ff6633afce63be7da766541c6f788b437f4a51e950f81abefdfb3
Nest/Money/ReceiptMedia.swift,0a6d7cfec02fcd1f919324393f414cc500cb945f10f464db726bf68f9742f53b
Nest/Money/RecurringApprovalRuleSummary.swift,27ab1694e64f2dfedc53928269f5ab7a1018d1337b26e1d425bbbdbb8b86259c
Nest/Money/RecurringApprovalScreen.swift,3c3469a21aa7d21154f26f22de54eae280cbf856676de52f2ad0eb16feba1d31
Nest/Money/RecurringEditorFields.swift,7312eabdfc45937017f677f52fb54293ac255e440ea9a783a0697edadeb3533e
Nest/Money/RecurringEditorScreen.swift,222c7f8a9d3fdb864b769e11aa78d30ce14276764bd23339691d72c2ce565079
Nest/Money/RecurringResumeApprovalModel.swift,b2fc7e6d409c2559ab3e97759743ec66ac9f4a2cb9752f97ccb103e2f71f9b9a
Nest/Money/RecurringResumeApprovalScreen.swift,74681772fddd162f92675cff556bbc9eb0a3154b3e3c9b798d740bb9fc2105a2
Nest/Money/RecurringResumeScreen.swift,b1ddcac578549c5ad99726b02ba643269447f8bfe42bb0601f34d035c8e5f3f5
Nest/Money/RecurringRuleScreen.swift,6894680ec05a342e24999bcfd019f376ab688c4b8e20e97116e5dcd4a8cde58e
Nest/Money/RecurringRulesScreen.swift,3f96f43898786a843f0bbcd9c90b896fec2d71c9d0e519d97f5903d8eab0e647
Nest/Money/RecurringStateApprovalModel.swift,b02908f01629af69756980672ac779ce4eefec23608d4412a0db6241c5f8efb6
Nest/Money/RecurringStateApprovalScreen.swift,6a496d06021fee4ca9a1d6810d73f70c443167327d89ff17fc6bda58725afd43
Nest/Money/RecurringStateScreen.swift,18e905ee0887c16d136837d0ac148392e180b8badf6aa094f762c26030b548ea
Nest/Money/RefundApprovalScreen.swift,d254191d8670a9789a838ae2cd5db02477b3c95992ddbd1911e075f493433799
Nest/Money/RefundScreen.swift,13728d63c3e2914bcab370b160b83895b9d8ecc11441976307e0cb35f9839f98
Nest/Money/SettlementApprovalScreen.swift,8c94f8b6a134b783bf37158fe96d8704131090f9def0811b3e1fca1f827c2f01
Nest/Money/SettlementScreen.swift,607d4476c09797a8b8e6a74018f96d7bb655707d1e4a616f447ec52773d27be9
Nest/Money/VariableCycleApprovalModel.swift,64088834721c944410e8949621b4039fd3494bddac0a0803563d17abfe963e88
Nest/Money/VariableCycleApprovalScreen.swift,7ede53f513b3e1580c531156140c50ec4929645400565b4587769392b781a9a2
Nest/Money/VariableCycleApprovalSummary.swift,b5e7a432b11fd5f06550cd56b92626fed4c8aa8ebace0dc4a0325515acf41357
Nest/Money/VariableCycleScreen.swift,b2b06bc8ee0f3f92f11c6b97f7f9140dcccd001d2102feebcd08d0d19696347c
Nest/NestApp.swift,9f0cae72436f840d817443b7841e10c7932aaef98c13b3703dac7f7e8a3286b1
Nest/Notifications/NativePushDevice.swift,2f967500e4a07ded1946334f721a19c02cf7de331d211ac089c291295b6449ff
Nest/Notifications/NativePushHardware.swift,0b67b1c39fd5828d5248ee9f6955b011011c36baa59101c19f80eec42d3068b8
Nest/Notifications/NotificationOpening.swift,7a38ac595041bf4fbdbac1d20de875018ba6e1843b1910e8ad29e5f3a33a55f0
Nest/Notifications/NotificationPresentationProbe.swift,7c76b68dddb4c9a9b73443e1a5984efcc6fb2741b5189a5a47bdbbfdc6de7b05
Nest/Notifications/PushApplicationDelegate.swift,0ec57b61ad3a775e4feee1fc718d50f017a2512d35941ae48c4962eb8cb40ccc
Nest/Notifications/PushDeviceModel.swift,d982b9d242cf43351596a5bcd36c9653060c355d9110d15bfadbcac954b7cc17
Nest/Notifications/PushDeviceNotice.swift,d3f4bad2d8106a79e5e1c2ee62569dc3165f0b257d6bcf8b62c3115ecfb67c8e
Nest/Notifications/PushNotificationInbox.swift,f66ba9e5e07fc3ade549973e688fcb6d4afe9dc52c8fa412180454b0804484d8
Nest/PrivacyInfo.xcprivacy,886757c891203c0a726ae4cab0b5f5f8fb2482ea23a48c710682d6f32583b373
Nest/Profile/DailySummaryScreen.swift,bdd6ecb96a44632833c4831678416c90607554c2ee9dafe76f928a6eb2187056
Nest/Profile/MemoryEditorScreen.swift,edee2767edb74b27d59479ad0c2e824384a077d186f46a91da368f4eb77a2609
Nest/Profile/MemoryRequestSection.swift,6cac0da9b6eb62ca4f703ddf60a174f28b409f3812c48c374e4f5e494e5caa4d
Nest/Profile/NotificationPreferencesModel.swift,7c8db885b9e3ed346bdd61e2087f70347f034dae661bf3b7abb7dd54c36aa681
Nest/Profile/NotificationPreferencesScreen.swift,b241ead296cee18f9939a6ebeee8d92f725575092cc542b28f72511f9b1c12cd
Nest/Profile/PrivateMemoryModel.swift,429bade3b9bc6eff26892fb9b853de82efb93940ff405c9c60edde277cb772ed
Nest/Profile/PrivateMemoryScreen.swift,63f7da2d9d8c4d646bc8995429b7f6e01cda439d0799699adc97732888a1dd0e
Nest/Profile/ProfileScreen.swift,ea233e335e2b62d17d0c00761e2267c3b6d2b8d9142a40c9f7996ce723d76ab6
Nest/Profile/PushDeviceRequestSection.swift,fb11551737639109cb015179a952df116077009b2edff97259ff2db2cef087ef
Nest/Profile/PushDeviceScreen.swift,53895e6e2c61fa62c9fba87eea9b3f8eb0b2ccf4573347ed64f774fe04a61c3b
Nest/QuietActionLabel.swift,953c0e0834e8acd5ea914ceb4488293f0cf5f87b0015d5bba08be96545e15c49
Nest/QuietPalette.swift,1e76496c24ca849a85c6a35838a5e15b1632d5f18b4e3ad56d4f9ef566c695ed
Nest/QuietSectionCard.swift,9b6f0b211acfa5742e257afc2891645f50c7762e8447b5e687c8931987a622cf
Nest/QuietSectionHeader.swift,df3107cca99fa0110a6f2638c4cf74d75d316e06e73073c21f60cac1de94317b
Nest/QuietTabHeader.swift,928a931abb3c0709b4688defe81ad2bccc20c3f5317dab0983a004115ed5247a
Nest/QuietTabLayout.swift,3e1e3c3a941f95ba0ec76c6494fda917f15c15cb5279696343900708ac9c3f70
Nest/QuietTextEditor.swift,ff79c1228a2917b75e7f1e684f443903e8c35fcee5f97e4b98abd28021779356
Nest/QuietToolbarButton.swift,74f1cdf7510a3253c9b5bb49f2ac5566ca72359cef071a52a9ba74620032bb3d
Nest/Reminders/ChoreReminderModel.swift,cbc53d17ce8cf11e7b307650204246419a99a405c860898f20a68e5b529e7fc3
Nest/Reminders/ChoreReminderRequestSection.swift,46de7bd869a2c630d1f81cc18a37b3c7d4869449e9927edfb760b6f9338fe6ad
Nest/Reminders/ChoreReminderScreen.swift,373e2f4c7e6aca781561ce73ff8bd606214519bb0b77801bf59ecc8d50fa640a
Nest/Reminders/GroceryReminderModel.swift,dc7d128e43ed2ed1efc47d715fe87a3d504ec80f315fe70af697d497fea788dd
Nest/Reminders/GroceryReminderRequestSection.swift,5f285da5edcde653192c16341fdd01d1f7034822f5fee369f7c56ac499766d49
Nest/Reminders/GroceryReminderScreen.swift,34590d668ed216dbbc862bba26cec048446a6ad7dc20ccbae1408d629b67a6c1
Nest/Reminders/ItemReminderControls.swift,16418c3c38047dcf48ffcf52b5cbb1bdcaac82169589196a587af49b8ff2250e
Nest/Reminders/MealReminderModel.swift,c561ae79948d246b30377b62d92c3304cba81e1d6746dbfc4936b48aa441ed5f
Nest/Reminders/MealReminderRequestSection.swift,f87358d66faf19b7f0f4e6c1a3615b4b317e357d4b06abb8c9d46df3e67112a3
Nest/Reminders/MealReminderScreen.swift,fd6671ff85c3c9d3983c303928d361c85530ce1692d865eee3a0c04aa6a5ef60
Nest/Reminders/RecurringReminderModel.swift,907bd2db4547f8e4ef72d66c51f9b0e17b8118097d230527374a3d4542aa5d3b
Nest/Reminders/RecurringReminderRequestSection.swift,871c0078e20b7d5255b00a90183d6099e2cc42f8f8d21378a7eb41e9f5939022
Nest/Reminders/RecurringReminderScreen.swift,69c56798653b3cc01a9e677a6c91813b34d9d6dfecd823c00c6bc0900753623d
Nest/Reminders/ReminderDay.swift,e7c52c8ad2ae21baa4e8e04aabd8065863f10ce11f539396fa8f6670575370b7
Nest/Reminders/RenewalReminderModel.swift,58c9ddf31b7be80284972076c2e001247cd7ccb3a490a80341fd2c38858ab6f5
Nest/Reminders/RenewalReminderRequestSection.swift,2251f680cc3d19d666ebfa16915300bd40b0db4df844b3319c4aa7b8255e272f
Nest/Reminders/RenewalReminderScreen.swift,79ecd1cb8c4508d701999d4899c3fe0448cb3b86fd8e9a397b3cf7f16a6e8e55
Nest/Renewals/RenewalChoicesModel.swift,9b6a6ea1211b7446781d3f7aed8e2aeba00a91556246cd621ff36e51f33e07ae
Nest/Renewals/RenewalDetailScreen.swift,f78ffd0d52525e3cb77a2868f184961a2eec33a8e170ab99e2ee1d5545e58175
Nest/Renewals/RenewalDraft.swift,c3b1e6d2c9e7ad0c6fd2c075f52cfd7d0d14175bf4329ed53f29fb46fbce80f2
Nest/Renewals/RenewalEditorScreen.swift,d439882959f27d4fd116dec5773666bb2714b089cd14d89ccc606ccc045c6aff
Nest/Renewals/RenewalRequestSection.swift,baa4f5a8d48dca1f30160e802185fd42f18fd3117dbbe638438eb042ac02d480
Nest/Renewals/RenewalsModel.swift,0b89c642c0b05ca7632add6e958a201782a4a6d03276dd67e713acb02ebd303e
Nest/Renewals/RenewalsScreen.swift,93717acb147a8f978b97f650e2c29321b4d4ad06c021065e9fc6676b3d0a465f
Nest/Session/AppleNonce.swift,ef782bbf09741155e73e9162cb70b81600385c03117498acd713060df77ea081
Nest/Session/AppleSignInView.swift,7c416aa166ecb7698c7b8930ce3119b93045d328bd26c5e582acdce9fe80de0e
Nest/Session/AuthOperationQueue.swift,33382728c50bf3d56e39ff63a02f0c786069c866b87486e753d8cc779000464a
Nest/Session/AuthenticatedSession.swift,5ae7025720fbbacd79cb3c24f20adfac33e6cddb624be413b90b7367263738ba
Nest/Session/MealLibraryStatus.swift,3f866916e376a18f233bb014c14dad1c354da14cd7b9f43c2880cbf6dd6aa5bb
Nest/Session/MealStatus.swift,debb5115e35c0f8f2d3303ea58b88896f2e1a8e0917e12654169eaacf6a26542
Nest/Session/NestAuth.swift,30d9a5df2c010c33e9732cbe78f08382ce0c816eb19a5906617b1a2e5307882e
Nest/Session/OfflineResume.swift,4bf29b551ba20a3b6e4b5609b5c05690a7e40c24a21e52a13952bb57c765f575
Nest/Session/PlannedRecipeStatus.swift,8b8be8a6022ee97c2ccdb5b7af123fb9e09b7a7e52c6a4b1c82264b2f7406390
Nest/Session/PushInstallationIdentity.swift,aaffe8cbcb8d96668e69814433aeea5d634662b22aeead2088341246d6005587
Nest/Session/SecureAuthStorage.swift,237d2f8baca19b338e549d01f957f0ad23f9789d89481d069fd3422aaa8f7ff3
Nest/Session/SessionModel+Assistant.swift,ce7adc40d1d188a5a218ece99d0fb69bb3118b82664eb74d76e045b8971aa477
Nest/Session/SessionModel+AssistantGrocery.swift,76c57cb91710fa2bea3e646320769357e5421641bf4193c7648a2d7febad42aa
Nest/Session/SessionModel+AssistantRecipe.swift,8fd534be43099860ebea56375223b291195d722b5cce720909f370ac779c48eb
Nest/Session/SessionModel+AssistantTurn.swift,4b86982f4babbc9b98d42c6540960de4b84634653cf5559699cdb3ccd3ddfd97
Nest/Session/SessionModel+Busy.swift,df82a69159a2a1b6804742bb1d6c24def617ae0d5be87ca95b37794248eb4abd
Nest/Session/SessionModel+CalendarConsent.swift,2ad8ad45717ae3279c184573131edb849770958a389aef4a16bd8b4be20071f3
Nest/Session/SessionModel+CalendarPrivacy.swift,e5d3f15aa93fcec7010406ea8f60401b4532a59e208e471058dc90bfd02b86a5
Nest/Session/SessionModel+ChoreChange.swift,a800a822abe22153b3c37ba14b6a89a8d6d5bc4bd08e132e9440e44a4ece5b79
Nest/Session/SessionModel+ChoreCompletion.swift,817c9b951da822c317691f6a041dffbc204b131738d1517ef318990bc5f60686
Nest/Session/SessionModel+ChoreReminders.swift,7498136714fa721daca8a9a19cd4b6a7e3f9c00c0b31436f5a93dd1a3b2fab6d
Nest/Session/SessionModel+ChoreTransfer.swift,d19c1e4e762d227470249054702f67656b061b7ad284f576d3e8fa3328f3d854
Nest/Session/SessionModel+CookingRead.swift,aa8efc5b9b8adef2061856c323edcbfe0e03f617b1cd42c43a4bc304f0761f18
Nest/Session/SessionModel+CookingSave.swift,e366bf787e6ebb86320bad48662044bd44e841e7d66203ce2a4fbfda37b7722d
Nest/Session/SessionModel+Correction.swift,ab3ef35928409bf850ee2f83ffa1c823c2ed0d5c704bb55585c9587d5fd21674
Nest/Session/SessionModel+CorrectionApproval.swift,c5ab1787a5c8ad97ba104a52a58d511557305efc5c9e4c1c584115fc76c5f445
Nest/Session/SessionModel+Credentials.swift,3cb601dff883e86c422341109e757a80db6a533abd5c83b9988e1fcc928b80c8
Nest/Session/SessionModel+DailySummary.swift,b9b0a443901a4d028dca4fa88740f56eeedac03770d56de3e2c98dc3ee689b64
Nest/Session/SessionModel+Expense.swift,8f2cbc9d0f0f6f8663a5b9188da7300d22ba3e3d64bc8aecc8d40263c224fbef
Nest/Session/SessionModel+ExpenseApproval.swift,efa97ca593a7a23fe7180e6c7411270763773b2c013c62ec1263d1f2d81cade8
Nest/Session/SessionModel+Food.swift,31d5b34e266e8e3ef05d412753d79b21b609b5818d2f855ba717217feb18c75c
Nest/Session/SessionModel+Groceries.swift,9c9e5b377d7dc4a7ffe707c8571c86a261da7ab85b2c550424907be930c45d5a
Nest/Session/SessionModel+GroceryAdd.swift,9ee1e4c09afacabe615993e1391a4a43a19f62747e00a46f3a1301f79fb0014b
Nest/Session/SessionModel+GroceryCategories.swift,4c11f8ae9bc3a4c9d2cf02c21b4922088e8799c70e9645b5847a331f26b69976
Nest/Session/SessionModel+GroceryEdit.swift,0966c446b33f4cdb4feebde20c2908b0e99bf9761d0e982126c6005c446aca1b
Nest/Session/SessionModel+GroceryMembership.swift,f4aaba935f7f77dace4f5424dc7184194b1265095c7f6cd11a755ea0ec2fa8f4
Nest/Session/SessionModel+GroceryReminders.swift,3989110b78e6d50051cf66774baa150b28b50295f77c44957967e8e997f6c06b
Nest/Session/SessionModel+GroceryRemove.swift,8421de7d4be3e92af815361a1a1755bd482f37da0f8e630e7e9595caf3afaa6c
