ref,type,label,value,x,y,width,height,hittable,enabled
e4,NavigationBar,"""Your approvals""",null,0,20,375,54,True,True
e5,Button,"""Your approvals""",null,16,20,44,44,True,True
e6,StaticText,"""Review rule change""",null,110.5,31.5,154,21,True,True
e10,Cell,"""Current recurring expense""",null,16,74,343,40.5,True,True
e12,StaticText,null,null,16,74,343,40.5,True,True
e13,Cell,"""Fictional private bill approval 3e7cd25c""",null,16,114.5,343,52,True,True
e15,StaticText,null,null,16,114.5,343,52,True,True
e16,Cell,"""Status""",null,16,166.5,343,52,True,True
e18,StaticText,"""Status""",null,32,182.25,49,20.5,True,True
e19,StaticText,"""Status, Paused""",null,16,166.5,343,52,True,True
e20,Cell,"""Payer""",null,16,218.5,343,52,True,True
e22,StaticText,"""Payer""",null,32,234.25,42.5,20.5,True,True
e23,StaticText,"""Payer, You""",null,16,218.5,343,52,True,True
e24,Cell,"""Variable amount · each cycle needs confirmation""",null,16,270.5,343,72.5,True,True
e26,StaticText,null,null,16,270.5,343,72.5,True,True
e27,Cell,"""Cadence""",null,16,343,343,52,True,True
e29,StaticText,"""Cadence""",null,32,358.75,68,20.5,True,True
e30,StaticText,"""Cadence, Monthly on day 5""",null,16,343,343,52,True,True
e31,Cell,"""Starts""",null,16,395,343,52,True,True
e33,StaticText,"""Starts""",null,32,410.75,45.5,20.5,True,True
e34,StaticText,"""Starts, 2026-10-05""",null,16,395,343,52,True,True
e35,Cell,"""Fictional private approval QA; no payment or actual transfer.""",null,16,447,343,72.5,True,True
e37,StaticText,null,null,16,447,343,72.5,True,True
e38,Cell,"""Next due""",null,16,519.5,343,52,True,True
e40,StaticText,"""Next due""",null,32,535.25,68.5,20.5,True,True
e41,StaticText,"""Next due, 2026-11-05""",null,16,519.5,343,52,True,True
e54,Button,"""Today""",null,25,588,88.25,54,True,True
e56,Button,"""Meals""",null,103.91666666666667,588,88.25000000000001,54,True,True
e58,Button,"""Calendar""",null,182.83333333333334,588,88.25000000000003,54,True,True
e60,Button,"""Money""",null,261.75,588,88.25,54,True,True
