ref,type,label,value,rect,enabled,hittable
"""e15""","""Key""","""q""",null,"{""y"": 458, ""width"": 37, ""x"": 4.5, ""height"": 54}",true,true
"""e16""","""Key""","""w""",null,"{""y"": 458, ""width"": 36.5, ""x"": 41.5, ""height"": 54}",true,true
"""e17""","""Key""","""e""",null,"{""y"": 458, ""width"": 37, ""x"": 78, ""height"": 54}",true,true
"""e18""","""Key""","""r""",null,"{""y"": 458, ""width"": 36.5, ""x"": 115, ""height"": 54}",true,true
"""e19""","""Key""","""t""",null,"{""y"": 458, ""width"": 37, ""x"": 151.5, ""height"": 54}",true,true
"""e20""","""Key""","""y""",null,"{""y"": 458, ""width"": 37, ""x"": 188.5, ""height"": 54}",true,true
"""e21""","""Key""","""u""",null,"{""y"": 458, ""width"": 36.5, ""x"": 225.5, ""height"": 54}",true,true
"""e22""","""Key""","""i""",null,"{""y"": 458, ""width"": 37, ""x"": 262, ""height"": 54}",true,true
"""e23""","""Key""","""o""",null,"{""y"": 458, ""width"": 36.5, ""x"": 299, ""height"": 54}",true,true
"""e24""","""Key""","""p""",null,"{""y"": 458, ""width"": 37, ""x"": 335.5, ""height"": 54}",true,true
"""e25""","""Key""","""a""",null,"{""y"": 512, ""width"": 36.5, ""x"": 23, ""height"": 54}",true,true
"""e26""","""Key""","""s""",null,"{""y"": 512, ""width"": 37, ""x"": 59.5, ""height"": 54}",true,true
"""e27""","""Key""","""d""",null,"{""y"": 512, ""width"": 37, ""x"": 96.5, ""height"": 54}",true,true
"""e28""","""Key""","""f""",null,"{""y"": 512, ""width"": 36.5, ""x"": 133.5, ""height"": 54}",true,true
"""e29""","""Key""","""g""",null,"{""y"": 512, ""width"": 37, ""x"": 170, ""height"": 54}",true,true
"""e30""","""Key""","""h""",null,"{""y"": 512, ""width"": 36.5, ""x"": 207, ""height"": 54}",true,true
"""e31""","""Key""","""j""",null,"{""y"": 512, ""width"": 37, ""x"": 243.5, ""height"": 54}",true,true
"""e32""","""Key""","""k""",null,"{""y"": 512, ""width"": 37, ""x"": 280.5, ""height"": 54}",true,true
"""e33""","""Key""","""l""",null,"{""y"": 512, ""width"": 36.5, ""x"": 317.5, ""height"": 54}",true,true
"""e51""","""NavigationBar""","""Profile""",null,"{""y"": 20, ""width"": 375, ""x"": 0, ""height"": 54}",true,true
"""e52""","""Button""","""Profile""",null,"{""y"": 20, ""width"": 44, ""x"": 16, ""height"": 44}",true,true
"""e53""","""StaticText""","""Cooking preferences""",null,"{""y"": 29, ""width"": 199.5, ""x"": 87.5, ""height"": 26}",true,true
"""e55""","""Button""","""Save""",null,"{""y"": 20, ""width"": 47, ""x"": 308, ""height"": 44}",true,true
"""e58""","""Cell""","""Already-planned meals stay visible even when their slot is hidden.""",null,"{""y"": 0, ""width"": 343, ""x"": 16, ""height"": 161.5}",true,true
"""e60""","""StaticText""",null,null,"{""y"": 0, ""width"": 343, ""x"": 16, ""height"": 161.5}",true,true
"""e63""","""Cell""","""Cooking notes""",null,"{""y"": 179, ""width"": 343, ""x"": 16, ""height"": 145.5}",true,true
"""e65""","""StaticText""","""Cooking notes""",null,"{""y"": 179, ""width"": 343, ""x"": 16, ""height"": 145.5}",true,true
"""e66""","""Cell""","""Cooking notes""",null,"{""y"": 324.5, ""width"": 343, ""x"": 16, ""height"": 280}",true,true
"""e68""","""TextField""","""Cooking notes""","""Fictional unsaved cooking check""","{""y"": 339.5, ""width"": 311, ""x"": 32, ""height"": 67.5}",true,true
"""e79""","""Button""","""Today""",null,"{""y"": 588, ""width"": 88.25, ""x"": 25, ""height"": 54}",true,true
"""e81""","""Button""","""Meals""",null,"{""y"": 588, ""width"": 88.25000000000001, ""x"": 103.91666666666667, ""height"": 54}",true,true
"""e83""","""Button""","""Calendar""",null,"{""y"": 588, ""width"": 88.25000000000003, ""x"": 182.83333333333334, ""height"": 54}",true,true
"""e85""","""Button""","""Money""",null,"{""y"": 588, ""width"": 88.25, ""x"": 261.75, ""height"": 54}",true,true
