phase,type,label,x,y,width,height,enabled,hittable
picker-open,NavigationBar,Recents,0,56,375,114,True,True
picker-open,StaticText,Recents,155,67.5,64.5,21,True,True
picker-open,Button,Cancel,264.5,60,36.5,36,True,True
picker-open,Button,More,317,60,38,36,True,True
picker-open,StaticText,No Recents,128.5,378,118,27,True,True
picker-open,StaticText,Recently opened documents will appear here.,74.5,407.5,226,38.5,True,True
picker-open,Button,Recents,55,588,94,54,True,True
picker-open,Button,Shared,141,588,94,54,True,True
picker-open,Button,Browse,227,588,94,54,True,True
fixture-visible,NavigationBar,Browse,0,56,375,114,True,True
fixture-visible,Button,Browse,16,56,44,44,True,True
fixture-visible,StaticText,On My iPhone,132.5,67.5,110,21,True,True
fixture-visible,Button,Cancel,264.5,60,36.5,36,True,True
fixture-visible,Button,More,317,60,38,36,True,True
fixture-visible,Cell,"Nest synthetic PDF receipt, pdf, 7:17 PM, 660 bytes",10,180,113,190,True,True
fixture-visible,StaticText,7:17 PM,13,316,107,14.5,True,True
fixture-visible,StaticText,660 bytes,13,334.5,107,14.5,True,True
fixture-visible,StaticText,1 item,165.5,546,44,18,True,True
fixture-visible,Button,Recents,55,588,94,54,True,True
fixture-visible,Button,Shared,141,588,94,54,True,True
fixture-visible,Button,Browse,227,588,94,54,True,True
after-cancel,NavigationBar,Back,0,20,375,54,True,True
after-cancel,Button,Back,16,20,44,44,True,True
after-cancel,StaticText,Add expense,136,31.5,103,21,True,True
after-cancel,Cell,Split,16,7.5,343,40.5,True,True
after-cancel,StaticText,Split,16,7.5,343,40.5,True,True
after-cancel,Cell,Split,16,48,343,52,True,True
after-cancel,StaticText,Split,32,63.75,34,20.5,True,True
after-cancel,Button,"Split, Equal",32,57,311,34.5,True,True
after-cancel,StaticText,Equal,285,64,42,20.5,True,True
after-cancel,Cell,Any half-cent rounding goes to the payer. Review the exact CHF shares before saving.,16,100,343,64,True,True
after-cancel,Cell,Choose category (optional),16,199,343,52,True,True
after-cancel,Cell,Receipt (optional),16,268.5,343,40.5,True,True
after-cancel,StaticText,Receipt (optional),16,268.5,343,40.5,True,True
after-cancel,Cell,Choose photo,16,309,343,52,True,True
after-cancel,Button,Choose photo,16,309,343,52,True,True
after-cancel,StaticText,Choose photo,31.5,324.75,147.5,20.5,True,True
after-cancel,Cell,Choose PDF,16,361,343,52,True,True
after-cancel,Button,Choose PDF,16,361,343,52,True,True
after-cancel,StaticText,Choose PDF,35,375.5,131.5,23,True,True
after-cancel,Cell,Photos are resized and location metadata removed. PDFs must be under 4 MB.,16,413,343,64,True,True
after-cancel,Cell,Review expense,16,512,343,52,True,True
after-cancel,Button,Review expense,16,512,343,52,True,True
after-cancel,Button,Today,25,588,88.25,54,True,True
after-cancel,Button,Meals,103.91666666666667,588,88.25000000000001,54,True,True
after-cancel,Button,Calendar,182.83333333333334,588,88.25000000000003,54,True,True
after-cancel,Button,Money,261.75,588,88.25,54,True,True
restart,NavigationBar,Back,0,20,375,54,True,True
restart,Button,Back,16,20,44,44,True,True
restart,StaticText,Add expense,136,31.5,103,21,True,True
restart,Cell,Receipt total differs from shared amount,16,35.5,343,72.5,True,True
restart,Cell,Split,16,125.5,343,40.5,True,True
restart,StaticText,Split,16,125.5,343,40.5,True,True
restart,Cell,Split,16,166,343,52,True,True
restart,StaticText,Split,32,181.75,34,20.5,True,True
restart,Button,"Split, Equal",32,175,311,34.5,True,True
restart,StaticText,Equal,285,182,42,20.5,True,True
restart,Cell,Any half-cent rounding goes to the payer. Review the exact CHF shares before saving.,16,218,343,64,True,True
restart,Cell,Choose category (optional),16,317,343,52,True,True
restart,Cell,Receipt (optional),16,386.5,343,40.5,True,True
restart,StaticText,Receipt (optional),16,386.5,343,40.5,True,True
restart,Cell,Receipt attached,16,427,343,52,True,True
restart,StaticText,Receipt attached,16,427,343,52,True,True
restart,Cell,Remove receipt,16,479,343,52,True,True
restart,Button,Remove receipt,16,479,343,52,True,True
restart,Button,Today,25,588,88.25,54,True,True
restart,Button,Meals,103.91666666666667,588,88.25000000000001,54,True,True
restart,Button,Calendar,182.83333333333334,588,88.25000000000003,54,True,True
restart,Button,Money,261.75,588,88.25,54,True,True
largest-attached,NavigationBar,Back,0,20,375,54,True,True
largest-attached,Button,Back,16,20,44,44,True,True
largest-attached,StaticText,Add expense,125,29,124.5,26,True,True
largest-attached,Cell,Receipt attached,16,62.5,343,155.5,True,True
largest-attached,StaticText,Receipt attached,16,62.5,343,155.5,True,True
largest-attached,Cell,Remove receipt,16,218,343,155.5,True,True
largest-attached,Button,Remove receipt,16,218,343,155.5,True,True
largest-attached,Cell,Review expense,16,408.5,343,155.5,True,True
largest-attached,Button,Review expense,16,408.5,343,155.5,True,True
largest-attached,Button,Today,25,588,88.25,54,True,True
largest-attached,Button,Meals,103.91666666666667,588,88.25000000000001,54,True,True
largest-attached,Button,Calendar,182.83333333333334,588,88.25000000000003,54,True,True
largest-attached,Button,Money,261.75,588,88.25,54,True,True
receipt-removed,NavigationBar,Back,0,20,375,54,True,True
receipt-removed,Button,Back,16,20,44,44,True,True
receipt-removed,StaticText,Add expense,125,29,124.5,26,True,True
receipt-removed,Cell,Choose photo,16,62.5,343,155.5,True,True
receipt-removed,Button,Choose photo,16,62.5,343,155.5,True,True
receipt-removed,StaticText,Choose photo,41.5,77.5,260.5,125.5,True,True
receipt-removed,Cell,Choose PDF,16,218,343,155.5,True,True
receipt-removed,Button,Choose PDF,16,218,343,155.5,True,True
receipt-removed,StaticText,Choose PDF,48.5,233,253.5,125.5,True,True
receipt-removed,Cell,Photos are resized and location metadata removed. PDFs must be under 4 MB.,16,373.5,343,293.5,True,True
receipt-removed,Button,Today,25,588,88.25,54,True,True
receipt-removed,Button,Meals,103.91666666666667,588,88.25000000000001,54,True,True
receipt-removed,Button,Calendar,182.83333333333334,588,88.25000000000003,54,True,True
receipt-removed,Button,Money,261.75,588,88.25,54,True,True
restored,StaticText,"Sunday, October 4",20,48.75,105.5,14.5,True,True
restored,Button,Private conversations,259,34,44,44,True,True
restored,Button,Profile and preferences,311,34,44,44,True,True
restored,StaticText,Today,20,82,92.5,41,True,True
restored,StaticText,A good day to keep it simple.,20,126,198.5,18,True,True
restored,Button,Add to your household,20,164,89.5,44,True,True
restored,Button,Me + shared,20,232,163.5,44.5,True,True
restored,StaticText,Me + shared,20,232,163.5,44.5,True,True
restored,Button,Everyone,191.5,232,163.5,44.5,True,True
restored,StaticText,Everyone,191.5,232,163.5,44.5,True,True
restored,StaticText,Around the house,20,306.5,141,20.5,True,True
restored,Button,Hosted smoke tidy kitchen,20,327,335,64,True,True
restored,StaticText,Overdue since Sep 28,57,363.5,125,14.5,True,True
restored,Button,Manage chores,20,399,335,44,True,True
restored,StaticText,On the menu,38,485,101.5,20.5,True,True
restored,StaticText,Nothing planned for today.,38,519.5,201.5,20.5,True,True
restored,Button,Open meal plan,38,554,299,44,True,True
restored,Button,Today,25,588,88.25,54,True,True
restored,Button,Meals,103.91666666666667,588,88.25000000000001,54,True,True
restored,Button,Calendar,182.83333333333334,588,88.25000000000003,54,True,True
restored,Button,Money,261.75,588,88.25,54,True,True
