path,sha256
apps/ios/Nest/Core/LegacyConfirmationApproval.swift,facf4afb9fbf32a2949e1753130d471eb6fa5f14785b330f012a5a37d7eb34fb
apps/ios/Nest/Core/LegacyConfirmationApprovalAPI.swift,374cdd6b02e38ab2e29146ee46e8e45a58039bf57f6b62e3e7ae51ded89fe2e0
apps/ios/Nest/Core/LegacyConfirmationCommand.swift,c4023d682954237c7c3f0d0938240ab61d89cea68431236f460255a2cd5b764f
apps/ios/Nest/Core/LegacyConfirmationDecisionStore.swift,6b1dd59c5dad225ee2eb32e7b85d74929fd87e36ac0197b79be9948139fb2ff7
apps/ios/Nest/Core/LegacyConfirmationStore.swift,55391cbd2345d4789ea8c48ba05fece30c781da79a74e85bc8a9911231de984d
apps/ios/Nest/Core/LegacyDismissalAPI.swift,d6131447f482cb4916a2a9d5f6c67acb94f3d55e6999b06f147001ebda2d91f1
apps/ios/Nest/Core/LegacyDismissalApproval.swift,c39f60b65bdb6ab7d965c4c47d272ffc672c251f74a0fd9922987d5980b1ed35
apps/ios/Nest/Core/LegacyDismissalApprovalAPI.swift,f0b85c63adc35ae894c9134c20709c9666de86522f057ed5c95e6a5a96c90c84
apps/ios/Nest/Core/LegacyDismissalCommand.swift,10a0969fac22433c7a21587cd1de337005d5306b04949d70ae7064fdcbc3275e
apps/ios/Nest/Core/LegacyDismissalDecisionStore.swift,138a8c60d92895cde9bc6875dc4e92b6256dfe5f40c3ba84e5e9ddf9dd088622
apps/ios/Nest/Core/LegacyDismissalStore.swift,42acb375a1b1dc17065a6abb772fd492e3e7f69428f0f11e114f3a6a1427346a
apps/ios/Nest/Core/LegacyDraftContext.swift,4bd7ad57c7be02216f3d598e720e0a82436b8dc60d2751818ef2ab00af61cb50
apps/ios/Nest/Core/LegacyDraftRead.swift,15a3922b93cd28a61e0a2c84a7e77bbb927305165487ef2e98b096e9d88259ed
apps/ios/Nest/Core/LegacyRecurringRead.swift,edc407c3ad463f95a80874231ea8ad9e2aefad934fd430ad67d33305d220a7c3
apps/ios/Nest/Core/LegacyRecurringValues.swift,f7fd079c34965248db46ba281c042d59a550e4a8ef1b4f24d4548780adc349df
apps/ios/Nest/Core/ManualCycleAPI.swift,9a4e82a01f0fabbaa3425175a92fad352712235a9e73e604ff2bca30ba16731c
apps/ios/Nest/Core/ManualCycleApproval.swift,1c88ea39b4062192734471fab4a4ab42612fad2273c4f9dbf44cea466dddbdaa
apps/ios/Nest/Core/ManualCycleCommand.swift,13a91aa69379431fed0c73045f8320c2a5edc73742053e19461772ba3531496e
apps/ios/Nest/Core/ManualCycleConflictEvidence.swift,8da3038ca1508682ca1ae9bed8636ec2092cd9ed22d22a283b551b34011a4e7b
apps/ios/Nest/Core/ManualCycleContext.swift,83215e699020b89c80e3dbdecc0cd266b52f50b42de69348c399a4678476163f
apps/ios/Nest/Core/ManualCycleDecision.swift,c661354575c5c9b068aeefe6f4918df89788d093aa4bd242f088031d00b75b47
apps/ios/Nest/Core/ManualCycleDecisionStore.swift,f32d0b1d59f0cb1dacc5916787de7c3b759a3073280d587bf976d1ed4f27db34
apps/ios/Nest/Core/ManualCycleRecovery.swift,ec4c00788af208146166ce1e889b6eaf4a6186cbbbdcff0a268df3dec87fbf1b
apps/ios/Nest/Core/ManualCycleStore.swift,c6bdd8ca193a4d011117c2f2ab85f4d350f44285bd4a8cd51faddca8ed765378
apps/ios/Nest/Core/MealAPI.swift,d647db1d0fba178d54110e0fb45ee91227bc099801e4085b96d918856b078540
apps/ios/Nest/Core/MealIngredientChoice.swift,3ca57dc21a1ac875eef27bb071b531e1d67ad84046feffa56b5e1f2144008274
apps/ios/Nest/Core/MealIngredientListing.swift,1a9db9eb7e1b6434b39a8a628d570af2c45c6815c0d6ea4390cabeb51036ab6b
apps/ios/Nest/Core/MealIngredientStore.swift,b99b858e7f57ee47bb0d5fae73e068e07bc43d211ed67dc65a16b13acbd97cd1
apps/ios/Nest/Core/MealIngredients.swift,0d09f393ec984ceb0a8ad7c6b740730454aabaea979f9131256a7b613848edc7
apps/ios/Nest/Core/MealLeftovers.swift,4cc3fc5510b9eb1b058904c79a08fd122e9c2e65c9013b2232b9e3aa7859a150
apps/ios/Nest/Core/MealLeftoversStore.swift,f05f58cd0a3c414d2794a41937c15ce454e2e882c8a42f8188f725e2561f86c5
apps/ios/Nest/Core/MealLibrary.swift,bc4a99e35e3264d8e3900c3b9da6f5faecf7ad42d334b804a83ceadfcad39f8a
apps/ios/Nest/Core/MealLibraryListing.swift,985c99d41b36427faa977f5679806e14756eeae516c0de9e03721b2805f9c05f
apps/ios/Nest/Core/MealMove.swift,6a33d26987311450423c9210be64cd2a75745200e75d1f3d94bb8be63f477fb2
apps/ios/Nest/Core/MealMoveStore.swift,af3ce8b03276cf8fe6b29bfc9722c2ee0970a333df571cd1c68cabd647af39ce
apps/ios/Nest/Core/MealPlacement.swift,153c597392a611fc1f7fb364520d36dfce2da46e722511c702cbc2c1eb291fa4
apps/ios/Nest/Core/MealPreparation.swift,f4da45e61a22aacf8e3d8f17d6c66874b8fc9f8c39739ced76c862ded392635f
apps/ios/Nest/Core/MealPreparationAPI.swift,199cf15d42efc545d573437323fb7646513bffc02433f38f160ce081527458bb
apps/ios/Nest/Core/MealPreparationCommands.swift,0d215a98e2509d648c403a7173d52bd9dd98a9abee4b1e28aadae26c46b4ed8a
apps/ios/Nest/Core/MealPreparationFormDraft.swift,886e0c7a0c0f9fa98a5621c3f5940e072bfd5a207a1b36cb6edf1ad861b1384c
apps/ios/Nest/Core/MealPreparationReceipt.swift,5e5be6e6490994f197bf60e9ea5f2364b2c559dc385da734d93a92c95db50b3f
apps/ios/Nest/Core/MealPreparationRecovery.swift,1f3d1a9d852c50637b13c2e0073c48f49945081e29513fe1e18448186084a818
apps/ios/Nest/Core/MealPreparationSnapshotStore.swift,0380aa7a9a4da6d79ba4b0c4ca35518c0a3509367a485a3ff80fd32c0545c033
apps/ios/Nest/Core/MealPreparationStore.swift,89cfbd5a636e2ee9675270241be418ee49a0868522cf609554fac3f11ad90348
apps/ios/Nest/Core/MealProposal.swift,fae4fca3ab3e1a94e1b323cc15ed2d41a532e26eaf6520e7aacc7e7bb219a891
apps/ios/Nest/Core/MealProposalAPI.swift,b52de83b35738c89c3d1b026a9c9083c65c947a23e6564192b4ce0468e95445b
apps/ios/Nest/Core/MealProposalApproval.swift,e4a79f866344a6aa283f0dfabc33fc4df1baf1d2c6dfacb60c7c0bf7d2faa49b
apps/ios/Nest/Core/MealProposalApprovalStore.swift,4235eda3175c41063f1209645198c329fa415eb2496f915133f09c44fb67d6bb
apps/ios/Nest/Core/MealProposalDiscard.swift,aa7748f2f389277d202a6cec417c41351cd538789e478821e0b758f20ba9a39d
apps/ios/Nest/Core/MealProposalDiscardStore.swift,bb1ec0a9191b5f7e8ddcba07d346bbed43bc7238a13b157da3db1b332c3111ee
apps/ios/Nest/Core/MealProposalEdit.swift,d7352215383556c95c9a7e9bdd70e448d15836cc46cedf450407ee8d34bbff58
apps/ios/Nest/Core/MealProposalEditStore.swift,43fd093d4929b3bb7e256d9b6b71d188819ff77b8736bfa1b9627cff3c0c84db
apps/ios/Nest/Core/MealProposalGeneration.swift,9eb0de74b55c702082243f9bada54feed3d3702f0fe16e0465c62c54886e0411
apps/ios/Nest/Core/MealProposalStore.swift,87d08a19387dc661b242af868c8b06f3e002dbdbed101317bdeff72eb39b3c0a
apps/ios/Nest/Core/MealRecipePlacement.swift,f230a3927dba05fdb523f2de306943d1ce731d3315514a0aee586d17f194a9cb
apps/ios/Nest/Core/MealRecipePlacementStore.swift,197a04eeb50823778210f8bc17d6951541321082b4d17aacde4c0c8856326125
apps/ios/Nest/Core/MealRecipeReplacement.swift,ee5daf71d8ed57dc5a6ed223de6df335511f591c0c115d1ecdd590fd6f53a24c
apps/ios/Nest/Core/MealRecipeReplacementAPI.swift,40bbdcd13e033c541861e8a705ab0844b814a758434feed2329057a0f16906e1
apps/ios/Nest/Core/MealRecipeReplacementStore.swift,e577cd31a5f50c35856e514caf861775b3c82d422f7a7f5dbb30d5dc3ab576f8
apps/ios/Nest/Core/MealReminder.swift,4600a51dfe7483482d3b524580d293d423de99a4ad9a30d0b3f53f7e6d046b72
apps/ios/Nest/Core/MealReminderAPI.swift,f0d074a73797fc04bd31feadaff62d67e4a10cd37321305eeac5084ee6bff46c
apps/ios/Nest/Core/MealReminderStore.swift,2385afdfeda4b92f2a1a1e9150a6804ce175d224e608214ff8bcba1db8b1c9a5
apps/ios/Nest/Core/MealRemoval.swift,eaadce205f37be4becae2bcbe409378d377dc8763730d87cfa222ab204356044
apps/ios/Nest/Core/MealRemovalStore.swift,8b91d2d59682853397452871457b8992e70a4aace048c148ff8d79caf04f35b6
apps/ios/Nest/Core/MealReplacement.swift,623d34c151e7d12983836affbd24a24673e1dba810b215a52ac9088a3fee96cf
apps/ios/Nest/Core/MealReplacementStore.swift,f02b59a86fcba5f28d1e7d47b9481b8c9d907eae1d81fe653b25c44663d6920e
apps/ios/Nest/Core/MealWeek.swift,996d93354eaf343bc62aca7ae226fa7ee84f1011367eb25eae390a72fb093566
apps/ios/Nest/Core/MealWeekStore.swift,78d51b0a8e49ccd31f46df579ea1378965823402b100dfd18ae6479658757e22
apps/ios/Nest/Core/MemoryCommandAPI.swift,7c556063eb7067a19bf3ea96cc90506641b2596ee842c9fed8c224e5d5e9b8c8
apps/ios/Nest/Core/MemoryCommands.swift,d96a598ebc40c1c12387981618a60e4c168450b16a90efc5338538198d053133
apps/ios/Nest/Core/MemoryRecovery.swift,7c97216f9502ae2579895610bbedb786d9be816df101db60a88acab594456820
apps/ios/Nest/Core/MoneyBalance.swift,ef3116e0940fa2e15579994905349689795094c861d1da737cfae38af3a93770
apps/ios/Nest/Core/MoneyCategories.swift,bdea81d0a8eb39328e3e677177d911758e09082ef1a5c663cd3a7036b9aefb3a
apps/ios/Nest/Core/MoneyDetail.swift,f74b39937204bc4e95aa425636fff697c8df29be619d0f62f965827e44fc737a
apps/ios/Nest/Core/MoneyHistory.swift,8c17f8b6af51825ceb56b3546e072fb49507f7309ecc1cf3d68be0d7dc06ef1e
apps/ios/Nest/Core/MoneyReadStore.swift,3fceed2557d99d4734fbc1f669dc51b9d8c83aa0b9c87b6f92666b20f400f41d
apps/ios/Nest/Core/MoneyTime.swift,e9b18f09a9fd130ca05944803c8ac1a3f9ae2a82c94e6af6c8350098f7a1a76d
apps/ios/Nest/Core/NativePushBuild.swift,7e6d1cbe02051b120347325315698100e671d76b2fe622d13c653965984830d0
apps/ios/Nest/Core/NestEnvironmentScope.swift,6dd1928e4485fe47188f135b0c032ee3b381a5a3329935c46269b2093ffab918
apps/ios/Nest/Core/NestHTTP.swift,cde35c5ebc641fc39260ee3c831ecd1e0ba03e1600dd320d5d0f64bd7cb8ff9f
apps/ios/Nest/Core/NestPushDestination.swift,2f4fcd69bd4595567afbf4b5dc69c936c99f0d5b8744a662b65ffc7586638e67
apps/ios/Nest/Core/NotificationAPI.swift,ffcaf5c64e4c2c3be6e8a60aa103bcb8ae2eacac1ee5979376e458728d203e48
apps/ios/Nest/Core/NotificationPreferenceStore.swift,af22d1ac01684dec10262e6b540e0ee4c7843292c1b12daa9d17262ff30900cd
apps/ios/Nest/Core/NotificationPreferences.swift,a3c916a66021a31e4aabaab7315e6ea061bfc7d2aff1e0376d130fe59e818106
apps/ios/Nest/Core/PendingFinancialApprovals.swift,53e7a1ed7a5bf3a52579cb9a2b2323ca1916f86fb11acf8d38819b023ef56393
apps/ios/Nest/Core/PlannedRecipe.swift,963b0b6e62799cddf6090d10204f89f373cbd62821cfcbc45143f4e30847b3df
apps/ios/Nest/Core/PlannedRecipeStore.swift,fcbe59e1ea41cfb7e240a412b6af6996fd5b21706537c52440feac02ce796619
apps/ios/Nest/Core/PrivateMemory.swift,41b1a7dc576a719ad8dc70035afae04f748a178172e306a9f237928dc1000f17
apps/ios/Nest/Core/PushDeviceCommand.swift,2cd4ad8cec15bc7952cc0845a8230b93cb04d35af7e661f9e8b7738e0bb3335b
apps/ios/Nest/Core/PushLogoutAPI.swift,99dff25c388c2eea49a1f473c97af975918ffa3d91cdf01c6c0519e8c04c0917
apps/ios/Nest/Core/PushLogoutCleanup.swift,0072b5f7f0880f683d35477d7fcce2fc785ae4e205521c6861ab60abb1f903e4
apps/ios/Nest/Core/PushLogoutStore.swift,0b91b4ef4ce2f763784e6456c613c95b2f3a698a58e589452c64f3163222ef2a
apps/ios/Nest/Core/PushRegistration.swift,f1cd761f9f4ad817aff33cbd25a2232045ff15dbbff1c2040563c71fa5361f3f
apps/ios/Nest/Core/PushRegistrationAPI.swift,16abac9a6ffb6269c7ec75f5cfd2355ec9052eeec26ac9fefe5cdd36b79cfe73
apps/ios/Nest/Core/PushRegistrationStore.swift,aa8ad5cb0c25d4759be480bbe16744e413b83b9fd6e10c32c9441af0113ce50d
apps/ios/Nest/Core/PushSessionRevocation.swift,0e40574873ab91f7f8808fb0e08e7560c347bf19ebb6ed5ede5db5af71021b85
apps/ios/Nest/Core/ReceiptLink.swift,68bcaecbd29029cdf619eb7476ed2b47ff99457c29f295d2767c257e57d19f6d
apps/ios/Nest/Core/ReceiptRecovery.swift,2d66c53ade1987c99928de04d8bcf505f9485f459154ecfd45a721a08635bc76
apps/ios/Nest/Core/ReceiptStore.swift,e26136fd019740fe34af44a0bae4437e2ca7ee819a1632a3a7656cb8031c6d0e
apps/ios/Nest/Core/ReceiptTransport.swift,1e101f80f929619f4867956c960ba3776abdbd32f87c4dd5c31d664dc90c681c
apps/ios/Nest/Core/ReceiptUpload.swift,3ced44996f6d78837957d87290aa0e806f335f583f9ffa972ec0844dca2f81d8
apps/ios/Nest/Core/RecipeArchive.swift,1ef4358a4b4ca55d7e806118e645469ef9f38a46fdf7f6a76c5f36e220d2d1a2
apps/ios/Nest/Core/RecipeArchiveStore.swift,bf6b1ccd5956c053c9748629e5e5b7b63c39788d2bf4e18ddb70a3ee6b1c1a52
apps/ios/Nest/Core/RecipeContent.swift,27eba5a68ca9236dedcdebc7dc525a0e8ee10c173f55501d57bef6cecd407043
apps/ios/Nest/Core/RecipeCreation.swift,80168d1c0c5826217964ba06c89e060c21c9cac11d7832dfbfdf0023b5415749
apps/ios/Nest/Core/RecipeCreationStore.swift,593ba1a1c41eb1ad09c72ddbba7e4908b2234a26df0d663c7742f665b3dbe428
apps/ios/Nest/Core/RecipeEdit.swift,0f9ea337cc97f876ef0fc79f216220d489d9936f6ffffde53c9aa2282f89b2b2
apps/ios/Nest/Core/RecipeEditDraft.swift,06f84a142e877666a63b3deaebbe8dc59f62e03163f53fcc1aa64b0fbfc986ba
apps/ios/Nest/Core/RecipeEditReconciliation.swift,6c0d324fff2e9f18c4d00fc861046122e822c5a03503bd51ce80a79c382dd06b
apps/ios/Nest/Core/RecipeEditStore.swift,5339b643fe8c09d4288e3cf4120f8304690a5de0005d5d112d0712c6aba2c78f
apps/ios/Nest/Core/RecipeIngredientEdit.swift,05c9f7648487fabf271a2693ad71e17ed13e8166fb8c1baa21c9f9cc0f67c8c6
apps/ios/Nest/Core/RecipeReadStore.swift,dff3699473791c663aecd1dca8f71e7706117083f42c742a9a8ad51966cb9dbc
apps/ios/Nest/Core/RecurringAPI.swift,e5c9a99896d5a2cd51c0c3bbc15a7d59c99d473e1b9974b7d4554cef1cd6eeba
apps/ios/Nest/Core/RecurringApproval.swift,f4bf0e37e32c62531f4dc45696c601cc3490f785bcf873c4713f1e61d345a356
apps/ios/Nest/Core/RecurringCommand.swift,6aacb22a747d842444d638215b0940df664a10b68005119314a27217d903b9ff
apps/ios/Nest/Core/RecurringConfiguration.swift,db33b6494c395f2724bcd5d29930ce3ebbdb062b12370fb832abb168415183e7
apps/ios/Nest/Core/RecurringDates.swift,db956dee82a04554d24a0d8652221b6da5a71cb164d52b5714515737d10afb6b
apps/ios/Nest/Core/RecurringDecision.swift,72d7a80ea46baa082ef5c8b871754f8de2195960005ff84041030198626b7158
apps/ios/Nest/Core/RecurringDecisionStore.swift,3ddea4db06b15e00ee0376c162e11c6ab2e50689bd68a506be768e4ddfdeeded
apps/ios/Nest/Core/RecurringDraft.swift,f8bb70294c323042eca754d35a3471db52ff314ab3ff6ca9f89e7afbbc628e20
apps/ios/Nest/Core/RecurringEntryPreflight.swift,f7d0993d7053c135dcf807142634179b0b850e45e6d1cea368d8eb043434f6d2
apps/ios/Nest/Core/RecurringRead.swift,3db28c5bbf89642e800c5c9e77594ab361f0c8ba2ba306faf92353826f3b4384
apps/ios/Nest/Core/RecurringRecovery.swift,eab8462fc5f886ada41e53d1f6450e200b3ddcc215ac71e3ee99c34dfb57a29c
apps/ios/Nest/Core/RecurringReminder.swift,58e1fa129940bf2e767fb5d0cca0641b1aeee2be9463a6d4f96ccb278aaab28f
apps/ios/Nest/Core/RecurringReminderAPI.swift,a3a4f22904b3307314cf6f36660b12ba97bd8d9565a4a5af3f63b2e285320ebf
apps/ios/Nest/Core/RecurringReminderStore.swift,73d0a842d2b9309dc2d73c224b279be952719d8f2d35055a46774daee3c1f063
apps/ios/Nest/Core/RecurringResumeAPI.swift,9e38a114ba6129c41a9d9e9905d9c1f9e4eb0c81e6d00c6f6c84ce3db0215929
apps/ios/Nest/Core/RecurringResumeApproval.swift,ac5183cd9472cc0ac90eca703421bc6091fd80148ac363c3542a3e662f7a76b7
apps/ios/Nest/Core/RecurringResumeCommand.swift,12f73dddfe33c0e5b64576550c6ef8d711e7f0e40b7895133989925d8864e5e5
apps/ios/Nest/Core/RecurringResumeDecision.swift,eb76dbe029ab187539ccf4b7efc1d6ab584e88f954d7be4e4b050be60b4e0395
apps/ios/Nest/Core/RecurringResumeDecisionStore.swift,0039ba30ec07bcf6d57a02db0fd259c99ee3e5aaa70e097eaf3b2f8a22e4973e
apps/ios/Nest/Core/RecurringResumeRecovery.swift,604d7d3a5b8091c271bcc3f1f03426361160ee699e31d6081bbbe154c1ec0805
apps/ios/Nest/Core/RecurringResumeStore.swift,f6005bc951068244da5fb0f39304a68830cc59a0ec36f6b897077ab82652730f
apps/ios/Nest/Core/RecurringStateAPI.swift,523a97e96fb587d30ca96c4ad2675bb8cb87f7efd0468633e5f0960a4075f8d7
apps/ios/Nest/Core/RecurringStateApproval.swift,b0e52392e77eccf75fd89384fc914bdc73b956d122eb33c443e6be966c982e2a
apps/ios/Nest/Core/RecurringStateCommand.swift,e1ff3410f87af78378d047a6b94ba370aa7917400207a308c83f0d307d6e16da
apps/ios/Nest/Core/RecurringStateDecision.swift,0a2319ae1f1b49ffed23bc9463585c1c1ed383c48115ab53bf61438ffd6121fa
apps/ios/Nest/Core/RecurringStateDecisionStore.swift,8c18c14146c629d070317fb423e9aef19ce4e8b4aeed1ac71fff7283bd7a0637
apps/ios/Nest/Core/RecurringStateRecovery.swift,ab065ef096351564180c8254d9652423335c1ac332b6f1453babc431dc26978c
apps/ios/Nest/Core/RecurringStateStore.swift,ae30a6ad27a86abf76d1f6115b771115bca761537fa7f69ee5374db9c00de817
apps/ios/Nest/Core/RecurringStore.swift,472565013b0b12eb09b8e675ecde968682121b984390f9c8bfbacb409d4749e1
apps/ios/Nest/Core/RefundAPI.swift,bbe9088a0280f76c4ca7221f0d07be5d1486f9ee331c969873ae322bda7119e6
apps/ios/Nest/Core/RefundApproval.swift,fa6e88d539a9a2e25c03de8b0d937c97370717330acd1801a18576a731ab459d
apps/ios/Nest/Core/RefundCommand.swift,349cecf744bb7747377cbf2e31be3e85c8360fa01da05aff90f3720e4c7da76e
apps/ios/Nest/Core/RefundContext.swift,53e3cc949998b73a2cc89ce1a5d6db086d4f4247b5a9b4f5f1cd31bc6af48d15
apps/ios/Nest/Core/RefundDecision.swift,60ed906f6f3b248a351518cbefb7e72d8d76a99e667fd57e010a2de57c1b3458
apps/ios/Nest/Core/RefundDecisionStore.swift,a06806013a40b2d8ddd02825149e3883da4a0872bed1fde65e6666ed8f4844d9
apps/ios/Nest/Core/RefundRecovery.swift,d46e743b784a5f155f852243ae6e0bf90bf3e1b7c331a419bcb2e85edcd7c0b4
apps/ios/Nest/Core/RefundStore.swift,2a26cb80db00a2b14f03d7d383af187a72539b7c21d328a3472e54f1b7c42856
apps/ios/Nest/Core/ReminderSettings.swift,70e97e2ac8f4e6edb3c9fe241731f98067d3011ac852f0169e52cb658a1668cb
apps/ios/Nest/Core/RenewalAPI.swift,eca4b2de23f9d209b9a45da1afb6abd6b44e26952b245186f0d031295dbc65df
apps/ios/Nest/Core/RenewalFields.swift,ccfcad8a8e4bccf6824f289335cd08bcbdf1e44d015cc42be7e69f670423cacb
apps/ios/Nest/Core/RenewalReminderAPI.swift,66ebdd4e2ba5ac3924cc1ed8da7de8b6836bdf83aff8dccfe88ff9fb1a39f718
apps/ios/Nest/Core/RenewalReminderCommand.swift,bdbeb712d7d6fa1aa03073e7777d8563b2b459657161b62091cf6957b61efa2c
apps/ios/Nest/Core/RenewalReminderStore.swift,45bdf7f94ad091e76cc888bc3d4e63ad2e4ed53c469d0bb2f5a2c378608e179e
apps/ios/Nest/Core/RenewalStore.swift,07a38f9747173087e03736e856edc6476aee8252e9c3531d7d61481590f36cd8
apps/ios/Nest/Core/Renewals.swift,ae234580ecfdf130e8c8312397c69a0dc726a6efd567ede70c25cab406ce3adb
apps/ios/Nest/Core/RoutineCancellation.swift,0067b75ab0b682963d5551d204252a966d5174c3da2d9ff3d8ed9f6b15118801
apps/ios/Nest/Core/RoutineCancellationStore.swift,c3a10c799da5635df017d261b622500d00a53404530b1c35cd1d15cff4f4aa25
apps/ios/Nest/Core/RoutineCreate.swift,3f0c7c118a44b5049103301441958482c6933850d01d364589cf9c20fb04878b
apps/ios/Nest/Core/RoutineCreateStore.swift,bbb93c09920685cd9779f2b3ddca7ac98b51290e48ef3b590bb934c34d736efc
apps/ios/Nest/Core/RoutineEdit.swift,4c09c4549ac3b54010e1fc8d8147016cf5b49b1569d4ba869fcf9e194c52f16c
apps/ios/Nest/Core/RoutineEditStore.swift,5fb3f110047d702330e9d013ba59da44e0bd33fab7216baf4dc8bceab4ae17ee
apps/ios/Nest/Core/RoutineList.swift,c14b7622402a35325fb4804e53a70a0e2eb0b7893fb965a054ce1c2962425008
apps/ios/Nest/Core/RoutineRoster.swift,e43ac8afdd526643baf7c44c635fc13f07566bf9e7514e4ce25de53bf7aefeef
apps/ios/Nest/Core/RoutineSchedule.swift,839ded0d4e65baee1d324d2a0ef016783e0a015f343de97eaea4305189283fc8
apps/ios/Nest/Core/RoutineState.swift,04477dd39040360b60b2e03759f31d0f110b66fb3bf2570903c0665ac36f3ce9
apps/ios/Nest/Core/RoutineStateStore.swift,37e4c10a0ef13af85717070bd5deabcef1facb92f467c1d79bcdb0557afe3284
apps/ios/Nest/Core/SQLiteConnection.swift,b9bf12aa023f2fd3f7c4128b31313e6161e78927dd0f27c64bf232e08f2846e9
apps/ios/Nest/Core/SavedTransferCommand.swift,7a00df2728b6585e0c5260ee7bd126ff19f196b2afb812c6bb6560a7d2beefe6
apps/ios/Nest/Core/SchedulingAvailability.swift,38646744e27037ade9dc8a532a96df023b959d04f80bc84f44ed41f444cc3004
apps/ios/Nest/Core/SessionContracts.swift,90ca800ef9b42f432201cdc5b42540a231b158a1cff3d1a8530f7380bd6b2b26
apps/ios/Nest/Core/SettlementAPI.swift,2750c4fcfb38f9dc484f8f0491fa2ff6bf233c3fca6bf6cd38ae7be4e849ffaf
apps/ios/Nest/Core/SettlementApproval.swift,20f82dadc92c20e101fff775f2b882da7f30c44cb5d3840773fee14684540a0c
apps/ios/Nest/Core/SettlementCommand.swift,1afac66e743d8e35d17d0108cfbb72b8b8603d2e048ac6d1b0f589600a2cc213
apps/ios/Nest/Core/SettlementDecision.swift,5c05efb3d634fd207da85ececcb5e7212b403943d50e850563534f94709d4494
apps/ios/Nest/Core/SettlementDecisionStore.swift,bd6dcf431b901142482deaf3c3c867134c12c4e62d30eb545f101434ace2b5ea
apps/ios/Nest/Core/SettlementRecovery.swift,76c32356b869c111622cb01cdc7a05758ad44dd96fb9f041f257532bbfcc2722
apps/ios/Nest/Core/SettlementStore.swift,7336d3fa29e3fa3d461473c891909880c4fdf6558ae27979bd8db570c46ab654
apps/ios/Nest/Core/SetupChoiceStore.swift,a955f7b2a1d4fb29a1467d4923aa5b9062eeeb1b31d6c5a1ee5be2cab02bbf18
apps/ios/Nest/Core/SetupStatus.swift,a595e5bef5354fc022ce32d1d632e926364003473df058aa013fcfd2d7b48b2c
apps/ios/Nest/Core/TextWhitespace.swift,a538b2d1e6f2985929c0affded168bf2619715f3fbdbe70daf8cd481017f8466
apps/ios/Nest/Core/TodayChores.swift,9db81227e71388a467ac6750b3782284430546a15b89a7a97bb88e93176c449c
apps/ios/Nest/Core/TodayMoment.swift,a1121e3414d1cdeb7b6b8b7ab82983820dec3aedebf8a9630b9f6227067d1026
apps/ios/Nest/Core/VariableCycleAPI.swift,aa605f8c3c09bc4a0d65363afe0872edad00ce2f4aea65ee6a3110a29c4a1a1e
apps/ios/Nest/Core/VariableCycleApproval.swift,7a4cef9f8acb91f26fee9f140a41ead31ade2247f6dc72ab2946646d6eda8371
apps/ios/Nest/Core/VariableCycleCommand.swift,42c7717e2904107c2a0cbea6b1bf01ce3415822875d2bdbbd7264235bc9f4abe
apps/ios/Nest/Core/VariableCycleConflictEvidence.swift,93fe8d6a83aea71239b03b0ff85700539f3447fef768632e976cb8c97d5a2858
apps/ios/Nest/Core/VariableCycleDecision.swift,360f4107b60dd6170fffabdd54a1e62c8e9b36871ec5d88c448eb53836dacb4a
apps/ios/Nest/Core/VariableCycleDecisionStore.swift,5c77c27a099b66a2b628a53656081e16c8d196b62ee9108d9cd8e054aca28cb5
apps/ios/Nest/Core/VariableCycleDraft.swift,441aacfef08140f8ac41c3de408464bc09304465f55f6d4c8862cc16c7588456
apps/ios/Nest/Core/VariableCycleRecovery.swift,2ef37274ed2a892df2641e43a2121c76b956bd0e764545f8f29556affa7bcf3a
apps/ios/Nest/Core/VariableCycleStore.swift,24698fb54699a06347f8d5946337a535facb6a949302fc8c529c5ae0536f5c72
apps/ios/Nest/Groceries/GroceriesScreen+SavedWrites.swift,c631edb4e014eee4550d7d296da42fcbc59912a99f3cd7fb10a2c9c08c07cf6e
apps/ios/Nest/Groceries/GroceriesScreen.swift,0cad39a8ed631c05720cacbfe659b2da30b11a229a548e046fab7b8a70d5ed75
apps/ios/Nest/Groceries/GroceryAddSheet.swift,d5ec7d97876352ece73553109ec1065cc80ad260b13074ddc4a37763bea0dcae
apps/ios/Nest/Groceries/GroceryCategoryPicker.swift,0f9d60cf691ba62086458cb5001ce96ed1f132abd3535d0e9c6b20cd400c5c89
apps/ios/Nest/Groceries/GroceryEditSheet.swift,9093e276b9a9728d641a016d571d59595c474b567d7606105a5e5f59b03b8e01
apps/ios/Nest/HouseholdTabs.swift,15cece7ebd31d0fb4db3594be826300a9a087b13f682ea4f38fe122def277281
apps/ios/Nest/IdentifiedDraftBinding.swift,b42e13ba549dc2f94e4add452f369b8a8f7244e60efca6fb414f4123ff9f16d5
apps/ios/Nest/Meals/CookingPreferencesScreen.swift,b4a6f9c112b179a69a22471b53d7cc1a8548cb5e477045a1e54c00051df42158
apps/ios/Nest/Meals/FoodPreferenceFields.swift,2174cd6269247b2374277ccc1095a3d1cb8c5ac676c19c3b50eb190560170464
apps/ios/Nest/Meals/FoodPreferencesScreen.swift,c32ddbd69c1970d50c8d0a13a540803769e1562f915a9d9eef96cfb0597eb62a
apps/ios/Nest/Meals/IngredientChoiceRow.swift,9ff560f461ca483cd3d23853b72cf8b8493a186eae381874fb3793a9d5364117
apps/ios/Nest/Meals/IngredientReviewScreen.swift,2a1aaf49529c4b2e277daf9846daaf3089ce37a118bbb432ddc96f323e427086
apps/ios/Nest/Meals/MealAddSheet.swift,2ddc04dfbd4c5b86cb5a71d16313b063d445f66308664f2cb12648430667af58
apps/ios/Nest/Meals/MealDayView.swift,9cddd1a81ddcb93dbf5cabbcb62244f43dd2b2ba766dee6929b1ef2870e5afec
apps/ios/Nest/Meals/MealLeftoversStatus.swift,60857771eba9617363e87e7801f311c00c77659cabc5df70fb008d09833480c1
apps/ios/Nest/Meals/MealLibraryScreen.swift,7fb7afbc176b76b155eaa7a66d2e8dcc254d61e3d9a52c5182d63a0e57bcee37
apps/ios/Nest/Meals/MealMoveSheet.swift,48bd5d314921bcc5944c5d568dbc1762109d1b979851a17affd1d869e6028f35
apps/ios/Nest/Meals/MealMoveStatus.swift,9b4e884187650661be874654e99fa009f35973fc273488d6a5365eef413a47b6
apps/ios/Nest/Meals/MealPlacementStatus.swift,bf2899563d35193fdc1990287fa3242b29d345c139a3a85142d0dd6e87f5330f
apps/ios/Nest/Meals/MealPreparationForm.swift,0c7c8029effd4d4f0d7fa0b681a7a2870c06fb9ffbffbdc34497cb1f96a60406
apps/ios/Nest/Meals/MealPreparationScreen.swift,b12e313f4cd8a15086bde4d6fa809f8750ce240296cdfe83c3252ed921a336fd
apps/ios/Nest/Meals/MealPreparationStatus.swift,f85216cb689e45399a0ccd441fc2962288bffa50c80d22e0efb9f3b9d576683f
apps/ios/Nest/Meals/MealProposalScreen.swift,db8da754fb6ae8a536e96d96b727877ebbcca87d6870b9907bae46ae94232278
apps/ios/Nest/Meals/MealRecipePlacementStatus.swift,3527d9b55d1021f7320f82a489b02b807c18661bcc9215189f471fd41c4311ca
apps/ios/Nest/Meals/MealRecipeReplacementStatus.swift,f3f3f16951f4ab396e8001f257e2ac7e64dbc122a84217f16a8c166d7350c546
apps/ios/Nest/Meals/MealRemovalStatus.swift,b44d66f2477c6e556d9eda465905d5615977468e170e552739bd00ab81faabb5
apps/ios/Nest/Meals/MealReplacementSheet.swift,a29724a1284e2d28f815317eb624bff8e544126f9be5173f1c56d0c907d539a2
apps/ios/Nest/Meals/MealReplacementStatus.swift,495cd8b516b37a520e8d41294c878c350b9998e3d03cbfb7b14e4104d78169ee
apps/ios/Nest/Meals/MealSavedChoice.swift,79d71a6e17c222651070b4844ff10f095dc4bd773a368cb587d2be8c31fc6c6e
apps/ios/Nest/Meals/MealWeekScreen.swift,cdef74be7299652b2defe8390dc8a8d784a1b91b66b1823871f0e83178088d1d
apps/ios/Nest/Meals/PlannedRecipeScreen.swift,3de92f02519730caf9369cecffa6228c8feba76d04415f217dbff6e1571476e5
apps/ios/Nest/Meals/ProposalDiscardControls.swift,d7995ad5db09a9af33e061fc1c9697e822633e9b37683874ce84392a0a92c611
apps/ios/Nest/Meals/ProposalEditRecovery.swift,91a29754b6b75f9f8fd8612089d26b478d68764615f7879c462d1df81edb7a10
apps/ios/Nest/Meals/ProposalMealEditSheet.swift,d33a0bd01f8c16d837a8a0303a6d795bc9c39709c7ce0159926f5ec2bd8e2aa9
apps/ios/Nest/Meals/ProposalRecipeScreen.swift,64f5d572d687903c798d6204ff10127909636feef36e4396411c0a4b14f30dc0
apps/ios/Nest/Meals/RecipeArchiveSheet.swift,bd94bfba449004c1d6e15bb6a6b0490c4b4571496d2449e54bf374bd8de58c6f
apps/ios/Nest/Meals/RecipeContentView.swift,c2d4705adebd6f9c8fc6008ba76b235c7c410388595c0381fb1c2553db40f2fd
apps/ios/Nest/Meals/RecipeCreateSheet.swift,7cdcde7e5070427f36c8b7cd72f6f62bf24e6734d5faf66a8277983ce5078291
apps/ios/Nest/Meals/RecipeCreationStatus.swift,07ee7c72d127e79932599b53e927b5ca5be2b917a6d1bd0983ce251e6cd23c24
apps/ios/Nest/Meals/RecipeEditSheet.swift,ea9e88ae5fe78654bc05abe945e04e48c067c9cd790d57644123220dd9f8bfac
apps/ios/Nest/Meals/RecipeEditStatus.swift,79f96c700b88f2abb6b5a10ac5e7797fa4ba769c30012337b6114911b53ab7b7
apps/ios/Nest/Meals/RecipeEditorFields.swift,a9e46ced17dfc73590a6ef78adaadda07d99d8901b7891f8820fe2485b235fcb
apps/ios/Nest/Meals/SavedRecipeScreen.swift,2bb326080a47f0c6c338bb4bd1019093ab84e379ae49c8c1ae027f6dd1916752
apps/ios/Nest/Money/ApprovalOriginalEntry.swift,9b90613f7cd9879661fcbf0100eaf1b029473740ff60e645bc775ed1bd7d0e1e
apps/ios/Nest/Money/CorrectionApprovalScreen.swift,4c76e449e6bfac00b6712af347581d713c13ff5049d151c685ba4a43691765fb
apps/ios/Nest/Money/CorrectionScreen.swift,3052d4bf8ff7f99cc90315f6c180fd5794027317fc2edae297928eb23e2d83ee
apps/ios/Nest/Money/ExpenseApprovalScreen.swift,1ba5458e9fe920b96f4a7f3e28fcee2c52c5c92f06ca4a6b877933a708d1ce60
apps/ios/Nest/Money/ExpenseCategoryPicker.swift,c5ec0d1333bf3233d51803790dd997a9a9f14c41da86d72d1480e6fbc7dd5293
apps/ios/Nest/Money/ExpenseFormFields.swift,cffa595ef2301a983de2ff8ef2fac91bf0267976ef2fe20c49a9b91feecae086
apps/ios/Nest/Money/ExpenseReceiptSection.swift,ca08539354b5088f106caf536ef0bee73d2cbea64183d2efd05d9fe1b262ac36
apps/ios/Nest/Money/ExpenseReviewSection.swift,a0d05470d08eef821279f03d75eedc167324b136f8b38963f6a2d2dcbbf6e40f
apps/ios/Nest/Money/ExpenseScreen.swift,f58cb58826ccc135fe138e4326c0477cb06e47fcd5c251822ece15e2971abf43
apps/ios/Nest/Money/FinancialApprovalLabel.swift,b55203a5113efbb2859cd5595552269293b0a53463e1d0614dd0b7f5d4ab403e
apps/ios/Nest/Money/FinancialApprovalRow.swift,5934287e1e3ad000ee04a706e50833c61ba573a4b9514d50326b910c08e9f90f
apps/ios/Nest/Money/FinancialApprovalsScreen.swift,5cd90ff53f4c206f850f6c27e2ef0b8b854f136a1ad6e8b2b8923e0e511847f2
apps/ios/Nest/Money/LegacyAdoptionApprovalModel.swift,b5152b661c4cfbbe234f907583f7ea69e1b6714ea9f0056a688e767112c076ac
apps/ios/Nest/Money/LegacyAdoptionApprovalScreen.swift,a7afd29bddddb40efaf375896840e936837b2922e5fe3e75713f4a29d4657644
apps/ios/Nest/Money/LegacyAdoptionModel.swift,642592d41828b4490c1e2e5f17a8dc7f8e84c8bc1241d2f076cfa17741098704
apps/ios/Nest/Money/LegacyAdoptionScreen.swift,1b930f0d92aacd6c5dd586749476eb67c8206c699f77f68f94fe04200913e2fb
apps/ios/Nest/Money/LegacyAdoptionTerms.swift,c226f74a48cc7fdea6c1ba0102e08199789073571146c49797fc5b2c769e4488
apps/ios/Nest/Money/LegacyConfirmationApprovalModel.swift,ce7ffe4cd2519be8c81272122580d6a8934350f538ae64c5d9dcfdc06752ebc9
apps/ios/Nest/Money/LegacyConfirmationApprovalScreen.swift,2bafe349a28cead2bcb0548a3ef21f7c011db220b59a5c357fc77f76e8e8bb0d
apps/ios/Nest/Money/LegacyConfirmationModel.swift,a8fb8c4b2980547c1605d7f1b90d1283a662af51a6719c0c5a25fce2c1b35ce5
apps/ios/Nest/Money/LegacyConfirmationScreen.swift,53bbfbf6c42a3dde14957fabcc9954e375e69033822026d20833ef3c6ab680e8
apps/ios/Nest/Money/LegacyDecisionRecoveryModel.swift,b1152b7e99a0a5dbf8da8f1520b6a65c1f44e667cf35c67eb73df7b5289ba4d6
apps/ios/Nest/Money/LegacyDecisionRecoverySection.swift,ebe0c9c324643471f64c0e4bdcdb37a170a929888ba8b673b9fc03e9a57bf49f
apps/ios/Nest/Money/LegacyDismissalApprovalModel.swift,d5b8da9690d003c036d2097d23b5d9fc2fbfbff2cc1b04a17dbba6c5d56eb05a
apps/ios/Nest/Money/LegacyDismissalApprovalScreen.swift,e25b8db09dec9dc3835e531fa087c6a922cc256479083db46c1ab2fa00723b61
apps/ios/Nest/Money/LegacyDismissalModel.swift,1f78a80f8290261a995ca81d63d33b03d98d6d8a96ade1e403e7275661960931
apps/ios/Nest/Money/LegacyDismissalScreen.swift,991f155748aa87f99027732864d1d70ccfa05b54fe93201f247f05e1c3b81e55
apps/ios/Nest/Money/LegacyDraftModel.swift,fdfad7facc20e6591e65b68f09ba2c8c9b90c3125d1e682dbdda37badfdba7f3
apps/ios/Nest/Money/LegacyDraftScreen.swift,cbd7cc9547610bd7bd8b55a685f8bd94f43b54b7b34a46b59a9d3bb56de349a8
apps/ios/Nest/Money/LegacyDraftsScreen.swift,cd899cc95608e88d3c53f025d10ed44ba833011c1658a3dceb49509989efac4e
apps/ios/Nest/Money/LegacyRecurringModel.swift,2d41866f8bb0fb2eb8752d2b68f1d8b4caeb0d0d1ee6cccaea7ad74af3f3c2e2
apps/ios/Nest/Money/LegacyRecurringScreen.swift,733cd2755f6e32ca1a8b2cfdc16092ff6be2fd3eb16910a61f237eddf0eac699
apps/ios/Nest/Money/ManualCycleApprovalModel.swift,104aa0da1b76dcf09eb59a3536c17546c6c37b3a2123d2466cb40f23d03dded7
apps/ios/Nest/Money/ManualCycleApprovalScreen.swift,c19fc5bb4edc96843d2fe6adcfc60d9f9b1d6338484f501f4df08a65e1edb72d
apps/ios/Nest/Money/ManualCycleModel.swift,c67e02bc1845e1ad630022583a9d7db8998a76659f09a8a21bfb435c3f36e775
apps/ios/Nest/Money/ManualCycleScreen.swift,a482a36571c421c747a71e3baac8662f4612e72e14f103d17e9bd7d0a2421c88
apps/ios/Nest/Money/ManualCycleSummary.swift,19b4bd3f884d22f2bbc5dda3da825879fbb04e1ce4d510c8a71362cff3298cbe
apps/ios/Nest/Money/MoneyDetailScreen.swift,a7454f7c33b4a6e8bd672c6331b429c4c8321da643c21763933052c1dbd2b719
apps/ios/Nest/Money/MoneyDraftField.swift,cea059483f2f2a42a9c617c700f899b9b0052b798b42f0e4b190761adf2addb6
apps/ios/Nest/Money/MoneyHistoryScreen.swift,3535048fd91253e3bd3a804ac012dfd242e235a65ef89543db66029b97d8b689
apps/ios/Nest/Money/MoneyHistorySection.swift,25a4e62771493a22dd3b6d982c4fc7906798c7dc1ffa5b13fe865a608c27a50d
apps/ios/Nest/Money/MoneyQuickActions.swift,e0a6828a338eba129e11816e64404df9dd08a078245bd3a2c66f7c356ba2eb12
apps/ios/Nest/Money/MoneyScreen.swift,9e67a27d0c25f8ef0a7446ae93fa6ddad9a5094e215e41cb447c2803417b3ab4
apps/ios/Nest/Money/ReceiptButton.swift,74b6d95cc40ff6633afce63be7da766541c6f788b437f4a51e950f81abefdfb3
apps/ios/Nest/Money/ReceiptMedia.swift,0a6d7cfec02fcd1f919324393f414cc500cb945f10f464db726bf68f9742f53b
apps/ios/Nest/Money/RecurringApprovalRuleSummary.swift,27ab1694e64f2dfedc53928269f5ab7a1018d1337b26e1d425bbbdbb8b86259c
apps/ios/Nest/Money/RecurringApprovalScreen.swift,3c3469a21aa7d21154f26f22de54eae280cbf856676de52f2ad0eb16feba1d31
apps/ios/Nest/Money/RecurringEditorFields.swift,7312eabdfc45937017f677f52fb54293ac255e440ea9a783a0697edadeb3533e
apps/ios/Nest/Money/RecurringEditorScreen.swift,222c7f8a9d3fdb864b769e11aa78d30ce14276764bd23339691d72c2ce565079
apps/ios/Nest/Money/RecurringResumeApprovalModel.swift,b2fc7e6d409c2559ab3e97759743ec66ac9f4a2cb9752f97ccb103e2f71f9b9a
apps/ios/Nest/Money/RecurringResumeApprovalScreen.swift,74681772fddd162f92675cff556bbc9eb0a3154b3e3c9b798d740bb9fc2105a2
apps/ios/Nest/Money/RecurringResumeScreen.swift,b1ddcac578549c5ad99726b02ba643269447f8bfe42bb0601f34d035c8e5f3f5
apps/ios/Nest/Money/RecurringRuleScreen.swift,6894680ec05a342e24999bcfd019f376ab688c4b8e20e97116e5dcd4a8cde58e
apps/ios/Nest/Money/RecurringRulesScreen.swift,3f96f43898786a843f0bbcd9c90b896fec2d71c9d0e519d97f5903d8eab0e647
apps/ios/Nest/Money/RecurringStateApprovalModel.swift,b02908f01629af69756980672ac779ce4eefec23608d4412a0db6241c5f8efb6
apps/ios/Nest/Money/RecurringStateApprovalScreen.swift,6a496d06021fee4ca9a1d6810d73f70c443167327d89ff17fc6bda58725afd43
apps/ios/Nest/Money/RecurringStateScreen.swift,18e905ee0887c16d136837d0ac148392e180b8badf6aa094f762c26030b548ea
apps/ios/Nest/Money/RefundApprovalScreen.swift,d254191d8670a9789a838ae2cd5db02477b3c95992ddbd1911e075f493433799
apps/ios/Nest/Money/RefundScreen.swift,13728d63c3e2914bcab370b160b83895b9d8ecc11441976307e0cb35f9839f98
apps/ios/Nest/Money/SettlementApprovalScreen.swift,8c94f8b6a134b783bf37158fe96d8704131090f9def0811b3e1fca1f827c2f01
apps/ios/Nest/Money/SettlementScreen.swift,607d4476c09797a8b8e6a74018f96d7bb655707d1e4a616f447ec52773d27be9
apps/ios/Nest/Money/VariableCycleApprovalModel.swift,64088834721c944410e8949621b4039fd3494bddac0a0803563d17abfe963e88
apps/ios/Nest/Money/VariableCycleApprovalScreen.swift,7ede53f513b3e1580c531156140c50ec4929645400565b4587769392b781a9a2
apps/ios/Nest/Money/VariableCycleApprovalSummary.swift,b5e7a432b11fd5f06550cd56b92626fed4c8aa8ebace0dc4a0325515acf41357
