index,node_json
0,"{""ref"":""e15"",""type"":""Key"",""label"":""Q"",""value"":null,""rect"":{""y"":458,""x"":4.5,""width"":37,""height"":54},""enabled"":true,""hittable"":true}"
1,"{""ref"":""e16"",""type"":""Key"",""label"":""W"",""value"":null,""rect"":{""y"":458,""x"":41.5,""width"":36.5,""height"":54},""enabled"":true,""hittable"":true}"
2,"{""ref"":""e17"",""type"":""Key"",""label"":""E"",""value"":null,""rect"":{""y"":458,""x"":78,""width"":37,""height"":54},""enabled"":true,""hittable"":true}"
3,"{""ref"":""e18"",""type"":""Key"",""label"":""R"",""value"":null,""rect"":{""y"":458,""x"":115,""width"":36.5,""height"":54},""enabled"":true,""hittable"":true}"
4,"{""ref"":""e19"",""type"":""Key"",""label"":""T"",""value"":null,""rect"":{""y"":458,""x"":151.5,""width"":37,""height"":54},""enabled"":true,""hittable"":true}"
5,"{""ref"":""e20"",""type"":""Key"",""label"":""Y"",""value"":null,""rect"":{""y"":458,""x"":188.5,""width"":37,""height"":54},""enabled"":true,""hittable"":true}"
6,"{""ref"":""e21"",""type"":""Key"",""label"":""U"",""value"":null,""rect"":{""y"":458,""x"":225.5,""width"":36.5,""height"":54},""enabled"":true,""hittable"":true}"
7,"{""ref"":""e22"",""type"":""Key"",""label"":""I"",""value"":null,""rect"":{""y"":458,""x"":262,""width"":37,""height"":54},""enabled"":true,""hittable"":true}"
8,"{""ref"":""e23"",""type"":""Key"",""label"":""O"",""value"":null,""rect"":{""y"":458,""x"":299,""width"":36.5,""height"":54},""enabled"":true,""hittable"":true}"
9,"{""ref"":""e24"",""type"":""Key"",""label"":""P"",""value"":null,""rect"":{""y"":458,""x"":335.5,""width"":37,""height"":54},""enabled"":true,""hittable"":true}"
10,"{""ref"":""e25"",""type"":""Key"",""label"":""A"",""value"":null,""rect"":{""y"":512,""x"":23,""width"":36.5,""height"":54},""enabled"":true,""hittable"":true}"
11,"{""ref"":""e26"",""type"":""Key"",""label"":""S"",""value"":null,""rect"":{""y"":512,""x"":59.5,""width"":37,""height"":54},""enabled"":true,""hittable"":true}"
12,"{""ref"":""e27"",""type"":""Key"",""label"":""D"",""value"":null,""rect"":{""y"":512,""x"":96.5,""width"":37,""height"":54},""enabled"":true,""hittable"":true}"
13,"{""ref"":""e28"",""type"":""Key"",""label"":""F"",""value"":null,""rect"":{""y"":512,""x"":133.5,""width"":36.5,""height"":54},""enabled"":true,""hittable"":true}"
14,"{""ref"":""e29"",""type"":""Key"",""label"":""G"",""value"":null,""rect"":{""y"":512,""x"":170,""width"":37,""height"":54},""enabled"":true,""hittable"":true}"
15,"{""ref"":""e30"",""type"":""Key"",""label"":""H"",""value"":null,""rect"":{""y"":512,""x"":207,""width"":36.5,""height"":54},""enabled"":true,""hittable"":true}"
16,"{""ref"":""e31"",""type"":""Key"",""label"":""J"",""value"":null,""rect"":{""y"":512,""x"":243.5,""width"":37,""height"":54},""enabled"":true,""hittable"":true}"
17,"{""ref"":""e32"",""type"":""Key"",""label"":""K"",""value"":null,""rect"":{""y"":512,""x"":280.5,""width"":37,""height"":54},""enabled"":true,""hittable"":true}"
18,"{""ref"":""e33"",""type"":""Key"",""label"":""L"",""value"":null,""rect"":{""y"":512,""x"":317.5,""width"":36.5,""height"":54},""enabled"":true,""hittable"":true}"
19,"{""ref"":""e51"",""type"":""NavigationBar"",""label"":""Private conversations"",""value"":null,""rect"":{""y"":20,""x"":0,""width"":375,""height"":54},""enabled"":true,""hittable"":true}"
20,"{""ref"":""e52"",""type"":""Button"",""label"":""Private conversations"",""value"":null,""rect"":{""y"":20,""x"":16,""width"":44,""height"":44},""enabled"":true,""hittable"":true}"
21,"{""ref"":""e53"",""type"":""StaticText"",""label"":""Ask Nest"",""value"":null,""rect"":{""y"":31.5,""x"":151.5,""width"":71.5,""height"":21},""enabled"":true,""hittable"":true}"
22,"{""ref"":""e55"",""type"":""StaticText"",""label"":""Private to you"",""value"":null,""rect"":{""y"":86,""x"":20,""width"":78,""height"":14.5},""enabled"":true,""hittable"":true}"
23,"{""ref"":""e56"",""type"":""TextView"",""label"":""Message to Nest"",""value"":""Fictional unsaved kitchen notes.\nKeep weekday cooking simple.\nUse the ingredients already available.\nChoose meals with familiar steps.\nLeave time to wash up.\nShare preparation when useful.\nThis is a keyboard visibility check.\nNothing here will be saved.!"",""rect"":{""y"":124.5,""x"":32,""width"":311,""height"":176.5},""enabled"":true,""hittable"":true}"
24,"{""ref"":""e61"",""type"":""StaticText"",""label"":""254 of 2,000 characters"",""value"":null,""rect"":{""y"":362.75,""x"":20,""width"":60.5,""height"":14.5},""enabled"":true,""hittable"":true}"
25,"{""ref"":""e62"",""type"":""Button"",""label"":""Send"",""value"":null,""rect"":{""y"":341,""x"":287,""width"":68,""height"":58},""enabled"":true,""hittable"":true}"
26,"{""ref"":""e66"",""type"":""Button"",""label"":""Today"",""value"":null,""rect"":{""y"":588,""x"":25,""width"":88.25,""height"":54},""enabled"":true,""hittable"":true}"
27,"{""ref"":""e68"",""type"":""Button"",""label"":""Meals"",""value"":null,""rect"":{""y"":588,""x"":103.91666666666667,""width"":88.25000000000001,""height"":54},""enabled"":true,""hittable"":true}"
28,"{""ref"":""e70"",""type"":""Button"",""label"":""Calendar"",""value"":null,""rect"":{""y"":588,""x"":182.83333333333334,""width"":88.25000000000003,""height"":54},""enabled"":true,""hittable"":true}"
29,"{""ref"":""e72"",""type"":""Button"",""label"":""Money"",""value"":null,""rect"":{""y"":588,""x"":261.75,""width"":88.25,""height"":54},""enabled"":true,""hittable"":true}"
