function,actor,role,reasonOrVariant,actualResultJSON
start_shopping_session,9941,authenticated,foreign-or-absent-member,"{""actor"":9941,""denied"":true,""function"":""start_shopping_session"",""reason"":""foreign-or-absent-member"",""role"":""authenticated""}"
start_shopping_session,9943,authenticated,foreign-or-absent-member,"{""actor"":9943,""denied"":true,""function"":""start_shopping_session"",""reason"":""foreign-or-absent-member"",""role"":""authenticated""}"
start_shopping_session,,authenticated,foreign-or-absent-member,"{""actor"":null,""denied"":true,""function"":""start_shopping_session"",""reason"":""foreign-or-absent-member"",""role"":""authenticated""}"
start_shopping_session,1,anon,anonymous-execution,"{""actor"":1,""denied"":true,""function"":""start_shopping_session"",""reason"":""anonymous-execution"",""role"":""anon""}"
start_shopping_session,1,authenticated,foreign-target,"{""actor"":1,""denied"":true,""function"":""start_shopping_session"",""reason"":""foreign-target"",""role"":""authenticated""}"
start_shopping_session,2,authenticated,foreign-target,"{""actor"":2,""denied"":true,""function"":""start_shopping_session"",""reason"":""foreign-target"",""role"":""authenticated""}"
claim_grocery_item,9941,authenticated,foreign-or-absent-member,"{""actor"":9941,""denied"":true,""function"":""claim_grocery_item"",""reason"":""foreign-or-absent-member"",""role"":""authenticated""}"
claim_grocery_item,9943,authenticated,foreign-or-absent-member,"{""actor"":9943,""denied"":true,""function"":""claim_grocery_item"",""reason"":""foreign-or-absent-member"",""role"":""authenticated""}"
claim_grocery_item,,authenticated,foreign-or-absent-member,"{""actor"":null,""denied"":true,""function"":""claim_grocery_item"",""reason"":""foreign-or-absent-member"",""role"":""authenticated""}"
claim_grocery_item,1,anon,anonymous-execution,"{""actor"":1,""denied"":true,""function"":""claim_grocery_item"",""reason"":""anonymous-execution"",""role"":""anon""}"
claim_grocery_item,1,authenticated,foreign-target,"{""actor"":1,""denied"":true,""function"":""claim_grocery_item"",""reason"":""foreign-target"",""role"":""authenticated""}"
claim_grocery_item,2,authenticated,foreign-target,"{""actor"":2,""denied"":true,""function"":""claim_grocery_item"",""reason"":""foreign-target"",""role"":""authenticated""}"
release_grocery_item,9941,authenticated,foreign-or-absent-member,"{""actor"":9941,""denied"":true,""function"":""release_grocery_item"",""reason"":""foreign-or-absent-member"",""role"":""authenticated""}"
release_grocery_item,9943,authenticated,foreign-or-absent-member,"{""actor"":9943,""denied"":true,""function"":""release_grocery_item"",""reason"":""foreign-or-absent-member"",""role"":""authenticated""}"
release_grocery_item,,authenticated,foreign-or-absent-member,"{""actor"":null,""denied"":true,""function"":""release_grocery_item"",""reason"":""foreign-or-absent-member"",""role"":""authenticated""}"
release_grocery_item,1,anon,anonymous-execution,"{""actor"":1,""denied"":true,""function"":""release_grocery_item"",""reason"":""anonymous-execution"",""role"":""anon""}"
release_grocery_item,1,authenticated,foreign-target,"{""actor"":1,""denied"":true,""function"":""release_grocery_item"",""reason"":""foreign-target"",""role"":""authenticated""}"
release_grocery_item,2,authenticated,foreign-target,"{""actor"":2,""denied"":true,""function"":""release_grocery_item"",""reason"":""foreign-target"",""role"":""authenticated""}"
remove_grocery_item,9941,authenticated,foreign-or-absent-member,"{""actor"":9941,""denied"":true,""function"":""remove_grocery_item"",""reason"":""foreign-or-absent-member"",""role"":""authenticated""}"
remove_grocery_item,9943,authenticated,foreign-or-absent-member,"{""actor"":9943,""denied"":true,""function"":""remove_grocery_item"",""reason"":""foreign-or-absent-member"",""role"":""authenticated""}"
remove_grocery_item,,authenticated,foreign-or-absent-member,"{""actor"":null,""denied"":true,""function"":""remove_grocery_item"",""reason"":""foreign-or-absent-member"",""role"":""authenticated""}"
remove_grocery_item,1,anon,anonymous-execution,"{""actor"":1,""denied"":true,""function"":""remove_grocery_item"",""reason"":""anonymous-execution"",""role"":""anon""}"
remove_grocery_item,1,authenticated,foreign-target,"{""actor"":1,""denied"":true,""function"":""remove_grocery_item"",""reason"":""foreign-target"",""role"":""authenticated""}"
remove_grocery_item,2,authenticated,foreign-target,"{""actor"":2,""denied"":true,""function"":""remove_grocery_item"",""reason"":""foreign-target"",""role"":""authenticated""}"
merge_grocery_items,9941,authenticated,foreign-or-absent-member,"{""actor"":9941,""denied"":true,""function"":""merge_grocery_items"",""reason"":""foreign-or-absent-member"",""role"":""authenticated""}"
merge_grocery_items,9943,authenticated,foreign-or-absent-member,"{""actor"":9943,""denied"":true,""function"":""merge_grocery_items"",""reason"":""foreign-or-absent-member"",""role"":""authenticated""}"
merge_grocery_items,,authenticated,foreign-or-absent-member,"{""actor"":null,""denied"":true,""function"":""merge_grocery_items"",""reason"":""foreign-or-absent-member"",""role"":""authenticated""}"
merge_grocery_items,1,anon,anonymous-execution,"{""actor"":1,""denied"":true,""function"":""merge_grocery_items"",""reason"":""anonymous-execution"",""role"":""anon""}"
merge_grocery_items,1,authenticated,foreign-target,"{""actor"":1,""denied"":true,""function"":""merge_grocery_items"",""reason"":""foreign-target"",""role"":""authenticated""}"
merge_grocery_items,2,authenticated,foreign-target,"{""actor"":2,""denied"":true,""function"":""merge_grocery_items"",""reason"":""foreign-target"",""role"":""authenticated""}"
cancel_shopping_session,9941,authenticated,foreign-or-absent-member,"{""actor"":9941,""denied"":true,""function"":""cancel_shopping_session"",""reason"":""foreign-or-absent-member"",""role"":""authenticated""}"
cancel_shopping_session,9943,authenticated,foreign-or-absent-member,"{""actor"":9943,""denied"":true,""function"":""cancel_shopping_session"",""reason"":""foreign-or-absent-member"",""role"":""authenticated""}"
cancel_shopping_session,,authenticated,foreign-or-absent-member,"{""actor"":null,""denied"":true,""function"":""cancel_shopping_session"",""reason"":""foreign-or-absent-member"",""role"":""authenticated""}"
cancel_shopping_session,1,anon,anonymous-execution,"{""actor"":1,""denied"":true,""function"":""cancel_shopping_session"",""reason"":""anonymous-execution"",""role"":""anon""}"
cancel_shopping_session,1,authenticated,foreign-target,"{""actor"":1,""denied"":true,""function"":""cancel_shopping_session"",""reason"":""foreign-target"",""role"":""authenticated""}"
cancel_shopping_session,2,authenticated,foreign-target,"{""actor"":2,""denied"":true,""function"":""cancel_shopping_session"",""reason"":""foreign-target"",""role"":""authenticated""}"
finish_shopping_session,9941,authenticated,foreign-or-absent-member,"{""actor"":9941,""denied"":true,""function"":""finish_shopping_session"",""reason"":""foreign-or-absent-member"",""role"":""authenticated""}"
finish_shopping_session,9943,authenticated,foreign-or-absent-member,"{""actor"":9943,""denied"":true,""function"":""finish_shopping_session"",""reason"":""foreign-or-absent-member"",""role"":""authenticated""}"
finish_shopping_session,,authenticated,foreign-or-absent-member,"{""actor"":null,""denied"":true,""function"":""finish_shopping_session"",""reason"":""foreign-or-absent-member"",""role"":""authenticated""}"
finish_shopping_session,1,anon,anonymous-execution,"{""actor"":1,""denied"":true,""function"":""finish_shopping_session"",""reason"":""anonymous-execution"",""role"":""anon""}"
finish_shopping_session,1,authenticated,foreign-target,"{""actor"":1,""denied"":true,""function"":""finish_shopping_session"",""reason"":""foreign-target"",""role"":""authenticated""}"
finish_shopping_session,2,authenticated,foreign-target,"{""actor"":2,""denied"":true,""function"":""finish_shopping_session"",""reason"":""foreign-target"",""role"":""authenticated""}"
claim_grocery_item,1,authenticated,foreign-item,"{""actor"":1,""denied"":true,""function"":""claim_grocery_item"",""reason"":""foreign-item"",""role"":""authenticated""}"
claim_grocery_item,1,authenticated,partner-session,"{""actor"":1,""denied"":true,""function"":""claim_grocery_item"",""reason"":""partner-session"",""role"":""authenticated""}"
claim_grocery_item,1,authenticated,terminal-item,"{""actor"":1,""denied"":true,""function"":""claim_grocery_item"",""reason"":""terminal-item"",""role"":""authenticated""}"
claim_grocery_item,1,authenticated,terminal-item,"{""actor"":1,""denied"":true,""function"":""claim_grocery_item"",""reason"":""terminal-item"",""role"":""authenticated""}"
claim_grocery_item,1,authenticated,partner-claim,"{""actor"":1,""denied"":true,""function"":""claim_grocery_item"",""reason"":""partner-claim"",""role"":""authenticated""}"
claim_grocery_item,1,authenticated,finished-session,"{""actor"":1,""denied"":true,""function"":""claim_grocery_item"",""reason"":""finished-session"",""role"":""authenticated""}"
release_grocery_item,1,authenticated,foreign-item,"{""actor"":1,""denied"":true,""function"":""release_grocery_item"",""reason"":""foreign-item"",""role"":""authenticated""}"
release_grocery_item,1,authenticated,partner-session,"{""actor"":1,""denied"":true,""function"":""release_grocery_item"",""reason"":""partner-session"",""role"":""authenticated""}"
release_grocery_item,1,authenticated,terminal-item,"{""actor"":1,""denied"":true,""function"":""release_grocery_item"",""reason"":""terminal-item"",""role"":""authenticated""}"
release_grocery_item,1,authenticated,terminal-item,"{""actor"":1,""denied"":true,""function"":""release_grocery_item"",""reason"":""terminal-item"",""role"":""authenticated""}"
release_grocery_item,1,authenticated,partner-claim,"{""actor"":1,""denied"":true,""function"":""release_grocery_item"",""reason"":""partner-claim"",""role"":""authenticated""}"
release_grocery_item,1,authenticated,finished-session,"{""actor"":1,""denied"":true,""function"":""release_grocery_item"",""reason"":""finished-session"",""role"":""authenticated""}"
remove_grocery_item,1,authenticated,nonactive-item,"{""actor"":1,""denied"":true,""function"":""remove_grocery_item"",""reason"":""nonactive-item"",""role"":""authenticated""}"
remove_grocery_item,1,authenticated,nonactive-item,"{""actor"":1,""denied"":true,""function"":""remove_grocery_item"",""reason"":""nonactive-item"",""role"":""authenticated""}"
merge_grocery_items,1,authenticated,foreign-remove,"{""actor"":1,""denied"":true,""function"":""merge_grocery_items"",""reason"":""foreign-remove"",""role"":""authenticated""}"
merge_grocery_items,1,authenticated,foreign-category,"{""actor"":1,""denied"":true,""function"":""merge_grocery_items"",""reason"":""foreign-category"",""role"":""authenticated""}"
merge_grocery_items,1,authenticated,same-item,"{""actor"":1,""denied"":true,""function"":""merge_grocery_items"",""reason"":""same-item"",""role"":""authenticated""}"
merge_grocery_items,1,authenticated,terminal-item,"{""actor"":1,""denied"":true,""function"":""merge_grocery_items"",""reason"":""terminal-item"",""role"":""authenticated""}"
merge_grocery_items,1,authenticated,empty-name,"{""actor"":1,""denied"":true,""function"":""merge_grocery_items"",""reason"":""empty-name"",""role"":""authenticated""}"
merge_grocery_items,1,authenticated,invalid-order,"{""actor"":1,""denied"":true,""function"":""merge_grocery_items"",""reason"":""invalid-order"",""role"":""authenticated""}"
cancel_shopping_session,1,authenticated,partner-session,"{""actor"":1,""denied"":true,""function"":""cancel_shopping_session"",""reason"":""partner-session"",""role"":""authenticated""}"
finish_shopping_session,1,authenticated,partner-session,"{""actor"":1,""denied"":true,""function"":""finish_shopping_session"",""reason"":""partner-session"",""role"":""authenticated""}"
finish_shopping_session,1,authenticated,negative-total,"{""actor"":1,""denied"":true,""function"":""finish_shopping_session"",""reason"":""negative-total"",""role"":""authenticated""}"
finish_shopping_session,1,authenticated,foreign-payer,"{""actor"":1,""denied"":true,""function"":""finish_shopping_session"",""reason"":""foreign-payer"",""role"":""authenticated""}"
finish_shopping_session,1,authenticated,finished-session,"{""actor"":1,""denied"":true,""function"":""finish_shopping_session"",""reason"":""finished-session"",""role"":""authenticated""}"
start_shopping_session,1,authenticated,existing,"{""actor"":1,""addedActivity"":0,""addedDrafts"":0,""addedReceipts"":0,""addedSessions"":0,""cancelled"":false,""financeUnchanged"":true,""finished"":false,""function"":""start_shopping_session"",""sameResult"":true,""sameSessionId"":true,""sameStateAfterRetry"":true,""state"":""claimed"",""variant"":""existing""}"
start_shopping_session,9941,authenticated,nonmember-historical-retry,"{""actor"":9941,""denied"":true,""function"":""start_shopping_session"",""reason"":""nonmember-historical-retry"",""role"":""authenticated""}"
claim_grocery_item,1,authenticated,default,"{""actor"":1,""addedActivity"":0,""addedDrafts"":0,""addedReceipts"":0,""addedSessions"":0,""cancelled"":false,""financeUnchanged"":true,""finished"":false,""function"":""claim_grocery_item"",""sameResult"":false,""sameSessionId"":true,""sameStateAfterRetry"":true,""state"":""claimed"",""variant"":""default""}"
claim_grocery_item,9941,authenticated,nonmember-historical-retry,"{""actor"":9941,""denied"":true,""function"":""claim_grocery_item"",""reason"":""nonmember-historical-retry"",""role"":""authenticated""}"
release_grocery_item,1,authenticated,default,"{""actor"":1,""addedActivity"":0,""addedDrafts"":0,""addedReceipts"":0,""addedSessions"":0,""cancelled"":false,""financeUnchanged"":true,""finished"":false,""function"":""release_grocery_item"",""sameResult"":false,""sameSessionId"":true,""sameStateAfterRetry"":true,""state"":""active"",""variant"":""default""}"
release_grocery_item,9941,authenticated,nonmember-historical-retry,"{""actor"":9941,""denied"":true,""function"":""release_grocery_item"",""reason"":""nonmember-historical-retry"",""role"":""authenticated""}"
remove_grocery_item,1,authenticated,default,"{""actor"":1,""addedActivity"":0,""addedDrafts"":0,""addedReceipts"":0,""addedSessions"":0,""cancelled"":false,""financeUnchanged"":true,""finished"":false,""function"":""remove_grocery_item"",""sameResult"":false,""sameSessionId"":false,""sameStateAfterRetry"":true,""state"":""removed"",""variant"":""default""}"
remove_grocery_item,9941,authenticated,nonmember-historical-retry,"{""actor"":9941,""denied"":true,""function"":""remove_grocery_item"",""reason"":""nonmember-historical-retry"",""role"":""authenticated""}"
merge_grocery_items,1,authenticated,default,"{""actor"":1,""addedActivity"":0,""addedDrafts"":0,""addedReceipts"":1,""addedSessions"":0,""cancelled"":false,""financeUnchanged"":true,""finished"":false,""function"":""merge_grocery_items"",""sameResult"":true,""sameSessionId"":false,""sameStateAfterRetry"":true,""state"":""removed"",""variant"":""default""}"
merge_grocery_items,1,authenticated,changed-idempotent-payload,"{""actor"":1,""denied"":true,""function"":""merge_grocery_items"",""reason"":""changed-idempotent-payload"",""role"":""authenticated""}"
merge_grocery_items,9941,authenticated,nonmember-historical-retry,"{""actor"":9941,""denied"":true,""function"":""merge_grocery_items"",""reason"":""nonmember-historical-retry"",""role"":""authenticated""}"
cancel_shopping_session,1,authenticated,default,"{""actor"":1,""addedActivity"":0,""addedDrafts"":0,""addedReceipts"":0,""addedSessions"":0,""cancelled"":true,""financeUnchanged"":true,""finished"":true,""function"":""cancel_shopping_session"",""sameResult"":false,""sameSessionId"":true,""sameStateAfterRetry"":true,""state"":""active"",""variant"":""default""}"
cancel_shopping_session,9941,authenticated,nonmember-historical-retry,"{""actor"":9941,""denied"":true,""function"":""cancel_shopping_session"",""reason"":""nonmember-historical-retry"",""role"":""authenticated""}"
finish_shopping_session,1,authenticated,default,"{""actor"":1,""addedActivity"":1,""addedDrafts"":0,""addedReceipts"":1,""addedSessions"":0,""cancelled"":false,""financeUnchanged"":true,""finished"":true,""function"":""finish_shopping_session"",""sameResult"":true,""sameSessionId"":true,""sameStateAfterRetry"":true,""state"":""purchased"",""variant"":""default""}"
finish_shopping_session,1,authenticated,changed-idempotent-payload,"{""actor"":1,""denied"":true,""function"":""finish_shopping_session"",""reason"":""changed-idempotent-payload"",""role"":""authenticated""}"
finish_shopping_session,9941,authenticated,nonmember-historical-retry,"{""actor"":9941,""denied"":true,""function"":""finish_shopping_session"",""reason"":""nonmember-historical-retry"",""role"":""authenticated""}"
start_shopping_session,1,authenticated,new,"{""actor"":1,""addedActivity"":0,""addedDrafts"":0,""addedReceipts"":0,""addedSessions"":1,""cancelled"":false,""financeUnchanged"":true,""finished"":true,""function"":""start_shopping_session"",""sameResult"":false,""sameSessionId"":true,""sameStateAfterRetry"":true,""state"":""claimed"",""variant"":""new""}"
start_shopping_session,9941,authenticated,nonmember-historical-retry,"{""actor"":9941,""denied"":true,""function"":""start_shopping_session"",""reason"":""nonmember-historical-retry"",""role"":""authenticated""}"
finish_shopping_session,1,authenticated,draft-only,"{""actor"":1,""addedActivity"":1,""addedDrafts"":1,""addedReceipts"":1,""addedSessions"":0,""cancelled"":false,""financeUnchanged"":true,""finished"":true,""function"":""finish_shopping_session"",""sameResult"":true,""sameSessionId"":true,""sameStateAfterRetry"":true,""state"":""purchased"",""variant"":""draft-only""}"
finish_shopping_session,9941,authenticated,nonmember-historical-retry,"{""actor"":9941,""denied"":true,""function"":""finish_shopping_session"",""reason"":""nonmember-historical-retry"",""role"":""authenticated""}"
claim_grocery_item,2,authenticated,foreign-item,"{""actor"":2,""denied"":true,""function"":""claim_grocery_item"",""reason"":""foreign-item"",""role"":""authenticated""}"
claim_grocery_item,2,authenticated,partner-session,"{""actor"":2,""denied"":true,""function"":""claim_grocery_item"",""reason"":""partner-session"",""role"":""authenticated""}"
claim_grocery_item,2,authenticated,terminal-item,"{""actor"":2,""denied"":true,""function"":""claim_grocery_item"",""reason"":""terminal-item"",""role"":""authenticated""}"
claim_grocery_item,2,authenticated,terminal-item,"{""actor"":2,""denied"":true,""function"":""claim_grocery_item"",""reason"":""terminal-item"",""role"":""authenticated""}"
claim_grocery_item,2,authenticated,partner-claim,"{""actor"":2,""denied"":true,""function"":""claim_grocery_item"",""reason"":""partner-claim"",""role"":""authenticated""}"
claim_grocery_item,2,authenticated,finished-session,"{""actor"":2,""denied"":true,""function"":""claim_grocery_item"",""reason"":""finished-session"",""role"":""authenticated""}"
release_grocery_item,2,authenticated,foreign-item,"{""actor"":2,""denied"":true,""function"":""release_grocery_item"",""reason"":""foreign-item"",""role"":""authenticated""}"
release_grocery_item,2,authenticated,partner-session,"{""actor"":2,""denied"":true,""function"":""release_grocery_item"",""reason"":""partner-session"",""role"":""authenticated""}"
release_grocery_item,2,authenticated,terminal-item,"{""actor"":2,""denied"":true,""function"":""release_grocery_item"",""reason"":""terminal-item"",""role"":""authenticated""}"
release_grocery_item,2,authenticated,terminal-item,"{""actor"":2,""denied"":true,""function"":""release_grocery_item"",""reason"":""terminal-item"",""role"":""authenticated""}"
release_grocery_item,2,authenticated,partner-claim,"{""actor"":2,""denied"":true,""function"":""release_grocery_item"",""reason"":""partner-claim"",""role"":""authenticated""}"
release_grocery_item,2,authenticated,finished-session,"{""actor"":2,""denied"":true,""function"":""release_grocery_item"",""reason"":""finished-session"",""role"":""authenticated""}"
remove_grocery_item,2,authenticated,nonactive-item,"{""actor"":2,""denied"":true,""function"":""remove_grocery_item"",""reason"":""nonactive-item"",""role"":""authenticated""}"
remove_grocery_item,2,authenticated,nonactive-item,"{""actor"":2,""denied"":true,""function"":""remove_grocery_item"",""reason"":""nonactive-item"",""role"":""authenticated""}"
merge_grocery_items,2,authenticated,foreign-remove,"{""actor"":2,""denied"":true,""function"":""merge_grocery_items"",""reason"":""foreign-remove"",""role"":""authenticated""}"
merge_grocery_items,2,authenticated,foreign-category,"{""actor"":2,""denied"":true,""function"":""merge_grocery_items"",""reason"":""foreign-category"",""role"":""authenticated""}"
merge_grocery_items,2,authenticated,same-item,"{""actor"":2,""denied"":true,""function"":""merge_grocery_items"",""reason"":""same-item"",""role"":""authenticated""}"
merge_grocery_items,2,authenticated,terminal-item,"{""actor"":2,""denied"":true,""function"":""merge_grocery_items"",""reason"":""terminal-item"",""role"":""authenticated""}"
merge_grocery_items,2,authenticated,empty-name,"{""actor"":2,""denied"":true,""function"":""merge_grocery_items"",""reason"":""empty-name"",""role"":""authenticated""}"
merge_grocery_items,2,authenticated,invalid-order,"{""actor"":2,""denied"":true,""function"":""merge_grocery_items"",""reason"":""invalid-order"",""role"":""authenticated""}"
cancel_shopping_session,2,authenticated,partner-session,"{""actor"":2,""denied"":true,""function"":""cancel_shopping_session"",""reason"":""partner-session"",""role"":""authenticated""}"
finish_shopping_session,2,authenticated,partner-session,"{""actor"":2,""denied"":true,""function"":""finish_shopping_session"",""reason"":""partner-session"",""role"":""authenticated""}"
finish_shopping_session,2,authenticated,negative-total,"{""actor"":2,""denied"":true,""function"":""finish_shopping_session"",""reason"":""negative-total"",""role"":""authenticated""}"
finish_shopping_session,2,authenticated,foreign-payer,"{""actor"":2,""denied"":true,""function"":""finish_shopping_session"",""reason"":""foreign-payer"",""role"":""authenticated""}"
finish_shopping_session,2,authenticated,finished-session,"{""actor"":2,""denied"":true,""function"":""finish_shopping_session"",""reason"":""finished-session"",""role"":""authenticated""}"
cancel_shopping_session,2,authenticated,already-purchased-session,"{""actor"":2,""denied"":true,""function"":""cancel_shopping_session"",""reason"":""already-purchased-session"",""role"":""authenticated""}"
start_shopping_session,2,authenticated,existing,"{""actor"":2,""addedActivity"":0,""addedDrafts"":0,""addedReceipts"":0,""addedSessions"":0,""cancelled"":false,""financeUnchanged"":true,""finished"":false,""function"":""start_shopping_session"",""sameResult"":true,""sameSessionId"":true,""sameStateAfterRetry"":true,""state"":""claimed"",""variant"":""existing""}"
start_shopping_session,9941,authenticated,nonmember-historical-retry,"{""actor"":9941,""denied"":true,""function"":""start_shopping_session"",""reason"":""nonmember-historical-retry"",""role"":""authenticated""}"
claim_grocery_item,2,authenticated,default,"{""actor"":2,""addedActivity"":0,""addedDrafts"":0,""addedReceipts"":0,""addedSessions"":0,""cancelled"":false,""financeUnchanged"":true,""finished"":false,""function"":""claim_grocery_item"",""sameResult"":false,""sameSessionId"":true,""sameStateAfterRetry"":true,""state"":""claimed"",""variant"":""default""}"
claim_grocery_item,9941,authenticated,nonmember-historical-retry,"{""actor"":9941,""denied"":true,""function"":""claim_grocery_item"",""reason"":""nonmember-historical-retry"",""role"":""authenticated""}"
release_grocery_item,2,authenticated,default,"{""actor"":2,""addedActivity"":0,""addedDrafts"":0,""addedReceipts"":0,""addedSessions"":0,""cancelled"":false,""financeUnchanged"":true,""finished"":false,""function"":""release_grocery_item"",""sameResult"":false,""sameSessionId"":true,""sameStateAfterRetry"":true,""state"":""active"",""variant"":""default""}"
release_grocery_item,9941,authenticated,nonmember-historical-retry,"{""actor"":9941,""denied"":true,""function"":""release_grocery_item"",""reason"":""nonmember-historical-retry"",""role"":""authenticated""}"
remove_grocery_item,2,authenticated,default,"{""actor"":2,""addedActivity"":0,""addedDrafts"":0,""addedReceipts"":0,""addedSessions"":0,""cancelled"":false,""financeUnchanged"":true,""finished"":false,""function"":""remove_grocery_item"",""sameResult"":false,""sameSessionId"":false,""sameStateAfterRetry"":true,""state"":""removed"",""variant"":""default""}"
remove_grocery_item,9941,authenticated,nonmember-historical-retry,"{""actor"":9941,""denied"":true,""function"":""remove_grocery_item"",""reason"":""nonmember-historical-retry"",""role"":""authenticated""}"
merge_grocery_items,2,authenticated,default,"{""actor"":2,""addedActivity"":0,""addedDrafts"":0,""addedReceipts"":1,""addedSessions"":0,""cancelled"":false,""financeUnchanged"":true,""finished"":false,""function"":""merge_grocery_items"",""sameResult"":true,""sameSessionId"":false,""sameStateAfterRetry"":true,""state"":""removed"",""variant"":""default""}"
merge_grocery_items,2,authenticated,changed-idempotent-payload,"{""actor"":2,""denied"":true,""function"":""merge_grocery_items"",""reason"":""changed-idempotent-payload"",""role"":""authenticated""}"
merge_grocery_items,9941,authenticated,nonmember-historical-retry,"{""actor"":9941,""denied"":true,""function"":""merge_grocery_items"",""reason"":""nonmember-historical-retry"",""role"":""authenticated""}"
cancel_shopping_session,2,authenticated,default,"{""actor"":2,""addedActivity"":0,""addedDrafts"":0,""addedReceipts"":0,""addedSessions"":0,""cancelled"":true,""financeUnchanged"":true,""finished"":true,""function"":""cancel_shopping_session"",""sameResult"":false,""sameSessionId"":true,""sameStateAfterRetry"":true,""state"":""active"",""variant"":""default""}"
cancel_shopping_session,9941,authenticated,nonmember-historical-retry,"{""actor"":9941,""denied"":true,""function"":""cancel_shopping_session"",""reason"":""nonmember-historical-retry"",""role"":""authenticated""}"
finish_shopping_session,2,authenticated,default,"{""actor"":2,""addedActivity"":1,""addedDrafts"":0,""addedReceipts"":1,""addedSessions"":0,""cancelled"":false,""financeUnchanged"":true,""finished"":true,""function"":""finish_shopping_session"",""sameResult"":true,""sameSessionId"":true,""sameStateAfterRetry"":true,""state"":""purchased"",""variant"":""default""}"
finish_shopping_session,2,authenticated,changed-idempotent-payload,"{""actor"":2,""denied"":true,""function"":""finish_shopping_session"",""reason"":""changed-idempotent-payload"",""role"":""authenticated""}"
finish_shopping_session,9941,authenticated,nonmember-historical-retry,"{""actor"":9941,""denied"":true,""function"":""finish_shopping_session"",""reason"":""nonmember-historical-retry"",""role"":""authenticated""}"
start_shopping_session,2,authenticated,new,"{""actor"":2,""addedActivity"":0,""addedDrafts"":0,""addedReceipts"":0,""addedSessions"":1,""cancelled"":false,""financeUnchanged"":true,""finished"":true,""function"":""start_shopping_session"",""sameResult"":false,""sameSessionId"":true,""sameStateAfterRetry"":true,""state"":""claimed"",""variant"":""new""}"
start_shopping_session,9941,authenticated,nonmember-historical-retry,"{""actor"":9941,""denied"":true,""function"":""start_shopping_session"",""reason"":""nonmember-historical-retry"",""role"":""authenticated""}"
finish_shopping_session,2,authenticated,draft-only,"{""actor"":2,""addedActivity"":1,""addedDrafts"":1,""addedReceipts"":1,""addedSessions"":0,""cancelled"":false,""financeUnchanged"":true,""finished"":true,""function"":""finish_shopping_session"",""sameResult"":true,""sameSessionId"":true,""sameStateAfterRetry"":true,""state"":""purchased"",""variant"":""draft-only""}"
finish_shopping_session,9941,authenticated,nonmember-historical-retry,"{""actor"":9941,""denied"":true,""function"":""finish_shopping_session"",""reason"":""nonmember-historical-retry"",""role"":""authenticated""}"
