index,node_json
0,"{""ref"":""e4"",""type"":""NavigationBar"",""label"":""Profile"",""value"":null,""rect"":{""x"":0,""y"":20,""height"":54,""width"":375},""enabled"":true,""hittable"":true}"
1,"{""ref"":""e5"",""type"":""Button"",""label"":""Profile"",""value"":null,""rect"":{""x"":16,""y"":20,""height"":44,""width"":44},""enabled"":true,""hittable"":true}"
2,"{""ref"":""e6"",""type"":""StaticText"",""label"":""Cooking preferences"",""value"":null,""rect"":{""x"":87.5,""y"":29,""height"":26,""width"":199.5},""enabled"":true,""hittable"":true}"
3,"{""ref"":""e8"",""type"":""Button"",""label"":""Save"",""value"":null,""rect"":{""x"":308,""y"":20,""height"":44,""width"":47},""enabled"":true,""hittable"":true}"
4,"{""ref"":""e13"",""type"":""TextView"",""label"":""Cooking notes"",""value"":null,""rect"":{""x"":32,""y"":0,""height"":57.5,""width"":311},""enabled"":true,""hittable"":true}"
5,"{""ref"":""e17"",""type"":""Cell"",""label"":""Shared with your household and used for meal planning."",""value"":null,""rect"":{""x"":16,""y"":72.5,""height"":239,""width"":343},""enabled"":true,""hittable"":true}"
6,"{""ref"":""e19"",""type"":""StaticText"",""label"":null,""value"":null,""rect"":{""x"":16,""y"":72.5,""height"":239,""width"":343},""enabled"":true,""hittable"":true}"
7,"{""ref"":""e20"",""type"":""Cell"",""label"":""Reload current preferences"",""value"":null,""rect"":{""x"":16,""y"":346.5,""height"":217.5,""width"":343},""enabled"":true,""hittable"":true}"
8,"{""ref"":""e22"",""type"":""Button"",""label"":null,""value"":null,""rect"":{""x"":16,""y"":346.5,""height"":217.5,""width"":343},""enabled"":true,""hittable"":true}"
9,"{""ref"":""e27"",""type"":""Button"",""label"":""Today"",""value"":null,""rect"":{""x"":25,""y"":588,""height"":54,""width"":88.25},""enabled"":true,""hittable"":true}"
10,"{""ref"":""e29"",""type"":""Button"",""label"":""Meals"",""value"":null,""rect"":{""x"":103.91666666666667,""y"":588,""height"":54,""width"":88.25000000000001},""enabled"":true,""hittable"":true}"
11,"{""ref"":""e31"",""type"":""Button"",""label"":""Calendar"",""value"":null,""rect"":{""x"":182.83333333333334,""y"":588,""height"":54,""width"":88.25000000000003},""enabled"":true,""hittable"":true}"
12,"{""ref"":""e33"",""type"":""Button"",""label"":""Money"",""value"":null,""rect"":{""x"":261.75,""y"":588,""height"":54,""width"":88.25},""enabled"":true,""hittable"":true}"
