row,canonicalNodeJSON
0,"{""enabled"":true,""hittable"":true,""label"":""q"",""rect"":{""height"":54,""width"":37,""x"":4.5,""y"":458},""ref"":""e15"",""type"":""Key"",""value"":null}"
1,"{""enabled"":true,""hittable"":true,""label"":""w"",""rect"":{""height"":54,""width"":36.5,""x"":41.5,""y"":458},""ref"":""e16"",""type"":""Key"",""value"":null}"
2,"{""enabled"":true,""hittable"":true,""label"":""e"",""rect"":{""height"":54,""width"":37,""x"":78,""y"":458},""ref"":""e17"",""type"":""Key"",""value"":null}"
3,"{""enabled"":true,""hittable"":true,""label"":""r"",""rect"":{""height"":54,""width"":36.5,""x"":115,""y"":458},""ref"":""e18"",""type"":""Key"",""value"":null}"
4,"{""enabled"":true,""hittable"":true,""label"":""t"",""rect"":{""height"":54,""width"":37,""x"":151.5,""y"":458},""ref"":""e19"",""type"":""Key"",""value"":null}"
5,"{""enabled"":true,""hittable"":true,""label"":""y"",""rect"":{""height"":54,""width"":37,""x"":188.5,""y"":458},""ref"":""e20"",""type"":""Key"",""value"":null}"
6,"{""enabled"":true,""hittable"":true,""label"":""u"",""rect"":{""height"":54,""width"":36.5,""x"":225.5,""y"":458},""ref"":""e21"",""type"":""Key"",""value"":null}"
7,"{""enabled"":true,""hittable"":true,""label"":""i"",""rect"":{""height"":54,""width"":37,""x"":262,""y"":458},""ref"":""e22"",""type"":""Key"",""value"":null}"
8,"{""enabled"":true,""hittable"":true,""label"":""o"",""rect"":{""height"":54,""width"":36.5,""x"":299,""y"":458},""ref"":""e23"",""type"":""Key"",""value"":null}"
9,"{""enabled"":true,""hittable"":true,""label"":""p"",""rect"":{""height"":54,""width"":37,""x"":335.5,""y"":458},""ref"":""e24"",""type"":""Key"",""value"":null}"
10,"{""enabled"":true,""hittable"":true,""label"":""a"",""rect"":{""height"":54,""width"":36.5,""x"":23,""y"":512},""ref"":""e25"",""type"":""Key"",""value"":null}"
11,"{""enabled"":true,""hittable"":true,""label"":""s"",""rect"":{""height"":54,""width"":37,""x"":59.5,""y"":512},""ref"":""e26"",""type"":""Key"",""value"":null}"
12,"{""enabled"":true,""hittable"":true,""label"":""d"",""rect"":{""height"":54,""width"":37,""x"":96.5,""y"":512},""ref"":""e27"",""type"":""Key"",""value"":null}"
13,"{""enabled"":true,""hittable"":true,""label"":""f"",""rect"":{""height"":54,""width"":36.5,""x"":133.5,""y"":512},""ref"":""e28"",""type"":""Key"",""value"":null}"
14,"{""enabled"":true,""hittable"":true,""label"":""g"",""rect"":{""height"":54,""width"":37,""x"":170,""y"":512},""ref"":""e29"",""type"":""Key"",""value"":null}"
15,"{""enabled"":true,""hittable"":true,""label"":""h"",""rect"":{""height"":54,""width"":36.5,""x"":207,""y"":512},""ref"":""e30"",""type"":""Key"",""value"":null}"
16,"{""enabled"":true,""hittable"":true,""label"":""j"",""rect"":{""height"":54,""width"":37,""x"":243.5,""y"":512},""ref"":""e31"",""type"":""Key"",""value"":null}"
17,"{""enabled"":true,""hittable"":true,""label"":""k"",""rect"":{""height"":54,""width"":37,""x"":280.5,""y"":512},""ref"":""e32"",""type"":""Key"",""value"":null}"
18,"{""enabled"":true,""hittable"":true,""label"":""l"",""rect"":{""height"":54,""width"":36.5,""x"":317.5,""y"":512},""ref"":""e33"",""type"":""Key"",""value"":null}"
19,"{""enabled"":true,""hittable"":true,""label"":""shift"",""rect"":{""height"":54,""width"":48,""x"":4.5,""y"":566},""ref"":""e34"",""type"":""Button"",""value"":null}"
20,"{""enabled"":true,""hittable"":true,""label"":""z"",""rect"":{""height"":54,""width"":37,""x"":59.5,""y"":566},""ref"":""e35"",""type"":""Key"",""value"":null}"
21,"{""enabled"":true,""hittable"":true,""label"":""x"",""rect"":{""height"":54,""width"":37,""x"":96.5,""y"":566},""ref"":""e36"",""type"":""Key"",""value"":null}"
22,"{""enabled"":true,""hittable"":true,""label"":""c"",""rect"":{""height"":54,""width"":36.5,""x"":133.5,""y"":566},""ref"":""e37"",""type"":""Key"",""value"":null}"
23,"{""enabled"":true,""hittable"":true,""label"":""v"",""rect"":{""height"":54,""width"":37,""x"":170,""y"":566},""ref"":""e38"",""type"":""Key"",""value"":null}"
24,"{""enabled"":true,""hittable"":true,""label"":""b"",""rect"":{""height"":54,""width"":36.5,""x"":207,""y"":566},""ref"":""e39"",""type"":""Key"",""value"":null}"
25,"{""enabled"":true,""hittable"":true,""label"":""n"",""rect"":{""height"":54,""width"":37,""x"":243.5,""y"":566},""ref"":""e40"",""type"":""Key"",""value"":null}"
26,"{""enabled"":true,""hittable"":true,""label"":""m"",""rect"":{""height"":54,""width"":37,""x"":280.5,""y"":566},""ref"":""e41"",""type"":""Key"",""value"":null}"
27,"{""enabled"":true,""hittable"":true,""label"":""delete"",""rect"":{""height"":54,""width"":48,""x"":324.5,""y"":566},""ref"":""e42"",""type"":""Key"",""value"":null}"
28,"{""enabled"":true,""hittable"":true,""label"":""numbers"",""rect"":{""height"":47,""width"":46,""x"":4.5,""y"":620},""ref"":""e43"",""type"":""Key"",""value"":null}"
29,"{""enabled"":true,""hittable"":true,""label"":""Emoji"",""rect"":{""height"":47,""width"":46,""x"":50.5,""y"":620},""ref"":""e44"",""type"":""Button"",""value"":null}"
30,"{""enabled"":true,""hittable"":true,""label"":""Dictate"",""rect"":{""height"":47,""width"":37,""x"":96.5,""y"":620},""ref"":""e45"",""type"":""Button"",""value"":null}"
31,"{""enabled"":true,""hittable"":true,""label"":null,""rect"":{""height"":47,""width"":147,""x"":133.5,""y"":620},""ref"":""e46"",""type"":""Key"",""value"":null}"
32,"{""enabled"":true,""hittable"":true,""label"":""return"",""rect"":{""height"":47,""width"":92,""x"":280.5,""y"":620},""ref"":""e47"",""type"":""Button"",""value"":null}"
33,"{""enabled"":true,""hittable"":true,""label"":""Review memory text"",""rect"":{""height"":44,""width"":88,""x"":266,""y"":361},""ref"":""e53"",""type"":""Button"",""value"":null}"
34,"{""enabled"":true,""hittable"":true,""label"":""Cancel"",""rect"":{""height"":54,""width"":375,""x"":0,""y"":46},""ref"":""e56"",""type"":""NavigationBar"",""value"":null}"
35,"{""enabled"":true,""hittable"":true,""label"":""Cancel"",""rect"":{""height"":43.99999999999999,""width"":80,""x"":20,""y"":46.00000000000001},""ref"":""e58"",""type"":""Button"",""value"":null}"
36,"{""enabled"":true,""hittable"":true,""label"":""New memory"",""rect"":{""height"":21,""width"":105.5,""x"":134.5,""y"":57.5},""ref"":""e59"",""type"":""StaticText"",""value"":null}"
37,"{""enabled"":true,""hittable"":true,""label"":""Memory text"",""rect"":{""height"":248.5,""width"":343,""x"":16,""y"":135},""ref"":""e62"",""type"":""Cell"",""value"":null}"
38,"{""enabled"":true,""hittable"":true,""label"":""Memory text"",""rect"":{""height"":218.5,""width"":311,""x"":32,""y"":150},""ref"":""e64"",""type"":""TextField"",""value"":""Fictional QA memory. Keep shared planning suggestions simple. This is temporary private test text, not a household instruction. This is temporary private test text, not a household instruction. This is temporary private test text, not a household instruction. This is temporary private test text, not a household instruction. This is temporary private test text, not a household instruction. This is temporary private test text, not a household instruction. This is temporary private test text, not a household i""}"
39,"{""enabled"":true,""hittable"":true,""label"":""Private to you. You\u2019ll review the exact text before saving."",""rect"":{""height"":64,""width"":343,""x"":16,""y"":383.5},""ref"":""e68"",""type"":""Cell"",""value"":null}"
40,"{""enabled"":true,""hittable"":true,""label"":null,""rect"":{""height"":64,""width"":343,""x"":16,""y"":383.5},""ref"":""e70"",""type"":""StaticText"",""value"":null}"
41,"{""enabled"":true,""hittable"":true,""label"":""Review text"",""rect"":{""height"":74,""width"":343,""x"":16,""y"":482.5},""ref"":""e71"",""type"":""Cell"",""value"":null}"
42,"{""enabled"":true,""hittable"":true,""label"":""Review text"",""rect"":{""height"":74,""width"":343,""x"":16,""y"":482.5},""ref"":""e73"",""type"":""Button"",""value"":null}"
